-- phpMyAdmin SQL Dump
-- version 4.8.3
-- https://www.phpmyadmin.net/
--
-- Host: localhost:3306
-- Generation Time: Dec 06, 2019 at 03:18 AM
-- Server version: 5.6.46-cll-lve
-- PHP Version: 7.2.7

SET SQL_MODE = "NO_AUTO_VALUE_ON_ZERO";
SET AUTOCOMMIT = 0;
START TRANSACTION;
SET time_zone = "+00:00";


/*!40101 SET @OLD_CHARACTER_SET_CLIENT=@@CHARACTER_SET_CLIENT */;
/*!40101 SET @OLD_CHARACTER_SET_RESULTS=@@CHARACTER_SET_RESULTS */;
/*!40101 SET @OLD_COLLATION_CONNECTION=@@COLLATION_CONNECTION */;
/*!40101 SET NAMES utf8mb4 */;

--
-- Database: `ala`
--

-- --------------------------------------------------------

--
-- Table structure for table `ala_actions`
--

CREATE TABLE `ala_actions` (
  `id` int(11) NOT NULL,
  `parent_action` varchar(20) DEFAULT NULL,
  `user_id` int(11) NOT NULL DEFAULT '0',
  `addedby` tinyint(4) NOT NULL DEFAULT '0',
  `action_type_id` int(11) NOT NULL,
  `action_title` varchar(255) NOT NULL,
  `status` tinyint(1) NOT NULL DEFAULT '1',
  `is_finished` tinyint(1) NOT NULL DEFAULT '0',
  `nextweek` varchar(5) NOT NULL DEFAULT '0',
  `weekno` varchar(30) DEFAULT NULL,
  `created_at` datetime NOT NULL,
  `updated_at` datetime NOT NULL
) ENGINE=InnoDB DEFAULT CHARSET=latin1;

--
-- Dumping data for table `ala_actions`
--

INSERT INTO `ala_actions` (`id`, `parent_action`, `user_id`, `addedby`, `action_type_id`, `action_title`, `status`, `is_finished`, `nextweek`, `weekno`, `created_at`, `updated_at`) VALUES
(67, NULL, 2, 0, 1, 'Action 1', 1, 0, '0', '1', '2019-11-07 11:39:37', '2019-11-07 11:39:37'),
(68, NULL, 2, 0, 2, 'Action 2', 1, 1, '0', '1', '2019-11-07 11:40:59', '2019-11-07 14:32:49'),
(69, NULL, 2, 0, 1, 'Action 3', 1, 0, '0', '1', '2019-11-07 11:41:43', '2019-11-07 11:41:43'),
(71, NULL, 2, 0, 1, 'action4', 1, 1, '0', '2', '2019-11-07 14:53:05', '2019-11-07 15:50:44'),
(73, NULL, 2, 0, 2, 'Action 6', 1, 0, '0', '2', '2019-11-07 14:54:29', '2019-11-07 14:54:29'),
(86, '78', 2, 0, 2, 'act 1d', 1, 0, '0', '4', '2019-11-07 17:32:14', '2019-11-07 17:32:14'),
(87, NULL, 2, 1, 1, 'admin', 1, 0, '0', NULL, '2019-11-07 17:37:06', '2019-11-07 17:37:06'),
(88, NULL, 2, 1, 1, 'test goal', 1, 0, '0', NULL, '2019-11-07 18:04:50', '2019-11-07 18:04:50'),
(89, NULL, 4, 0, 2, 'Start party', 1, 0, '0', '1', '2019-11-08 20:08:25', '2019-11-08 20:08:25'),
(90, NULL, 4, 0, 1, 'never stop partying', 1, 0, '0', '1', '2019-11-08 20:11:06', '2019-11-08 20:11:06'),
(91, NULL, 5, 0, 1, 'new action 1', 1, 0, '0', '1', '2019-11-11 11:05:00', '2019-11-11 11:05:00'),
(92, NULL, 5, 0, 2, 'new action 2', 1, 0, '0', '1', '2019-11-11 11:05:43', '2019-11-11 11:05:43'),
(93, '92', 5, 0, 2, 'new action 2', 1, 0, '0', '2', '2019-11-11 11:17:06', '2019-11-11 11:17:06'),
(94, NULL, 5, 0, 1, 'fff', 1, 0, '0', '2', '2019-11-11 11:19:43', '2019-11-11 11:19:43'),
(95, NULL, 5, 0, 1, 'sdfs', 1, 0, '0', '2', '2019-11-11 11:56:24', '2019-11-11 11:56:24'),
(96, NULL, 5, 0, 1, 'dfdddd', 1, 0, '0', '2', '2019-11-11 12:01:23', '2019-11-11 12:02:08'),
(97, NULL, 5, 0, 2, 'gg', 1, 0, '0', '2', '2019-11-11 12:12:21', '2019-11-11 12:12:21'),
(110, NULL, 5, 0, 1, 'asdas', 1, 0, '0', '2', '2019-11-11 13:02:52', '2019-11-11 13:02:52'),
(115, NULL, 5, 0, 1, 'sds', 1, 0, '0', '2', '2019-11-11 14:28:40', '2019-11-11 14:28:40'),
(116, NULL, 5, 0, 1, 'fffdd', 1, 0, '0', '2', '2019-11-11 14:31:38', '2019-11-11 14:31:38'),
(117, NULL, 5, 0, 1, 'sd', 1, 0, '0', '2', '2019-11-11 14:33:52', '2019-11-11 14:33:52'),
(118, NULL, 5, 0, 1, 'cxvxc', 1, 0, '0', '2', '2019-11-11 14:34:48', '2019-11-11 14:34:48'),
(129, NULL, 5, 0, 1, 'dffsdf', 1, 0, '0', '2', '2019-11-11 15:26:36', '2019-11-11 15:26:36'),
(131, NULL, 5, 0, 1, 'rrr', 1, 0, '0', '1', '2019-11-11 16:13:28', '2019-11-11 16:13:42'),
(132, NULL, 2, 0, 1, 'action new', 1, 0, '0', '4', '2019-11-11 18:26:23', '2019-11-11 18:26:23'),
(133, NULL, 2, 0, 1, 'ddd', 1, 0, '0', '4', '2019-11-11 18:27:47', '2019-11-11 18:27:47'),
(136, NULL, 9, 0, 1, 'Laundry', 1, 0, '0', '1', '2019-11-11 22:14:50', '2019-11-11 22:14:50'),
(137, NULL, 9, 0, 1, 'Mow the Lawn', 1, 0, '0', '1', '2019-11-11 22:15:08', '2019-11-11 22:15:08'),
(138, NULL, 9, 0, 2, 'Ride my bike', 1, 0, '0', '1', '2019-11-11 22:16:03', '2019-11-11 22:16:03'),
(139, NULL, 9, 0, 2, 'brush my hair', 1, 0, '0', '1', '2019-11-11 22:16:54', '2019-11-11 22:16:54'),
(140, NULL, 9, 0, 2, 'Affirmations', 1, 1, '0', '1', '2019-11-11 22:17:46', '2019-11-11 22:22:13'),
(141, '137', 9, 0, 1, 'Mow the Lawn', 1, 0, '0', '2', '2019-11-11 22:24:45', '2019-11-11 22:24:45'),
(142, '136', 9, 0, 1, 'Laundry', 1, 0, '0', '2', '2019-11-11 22:25:48', '2019-11-11 22:25:48'),
(143, NULL, 9, 0, 1, 'thank a veteran', 1, 0, '0', '2', '2019-11-12 03:06:30', '2019-11-12 03:06:30'),
(144, '139', 9, 0, 2, 'brush my hair', 1, 0, '0', '2', '2019-11-12 03:06:43', '2019-11-12 03:06:43'),
(145, '138', 9, 0, 2, 'Ride my bike', 1, 0, '0', '2', '2019-11-12 03:08:42', '2019-11-12 03:08:42'),
(146, NULL, 2, 0, 1, 'wew', 1, 0, '0', '6', '2019-11-12 10:29:32', '2019-11-12 10:36:07'),
(147, NULL, 2, 0, 1, 'eeee', 1, 0, '0', '6', '2019-11-12 10:43:07', '2019-11-12 10:43:51'),
(148, NULL, 2, 0, 1, 'fsdfsd', 1, 0, '0', '6', '2019-11-12 10:44:12', '2019-11-12 10:44:12'),
(149, NULL, 2, 0, 2, 'sdfsd', 1, 0, '0', '6', '2019-11-12 10:44:37', '2019-11-12 10:44:55'),
(150, NULL, 2, 0, 2, 'dsds', 1, 0, '0', '6', '2019-11-12 10:45:33', '2019-11-12 10:45:33'),
(151, NULL, 2, 0, 1, 'sdsdsdsdsds', 1, 0, '0', '6', '2019-11-12 10:45:47', '2019-11-12 10:45:47'),
(152, NULL, 2, 0, 1, 'sdsds', 1, 0, '0', '6', '2019-11-12 10:46:07', '2019-11-12 10:46:07'),
(158, '149', 2, 0, 2, 'sdfsd', 1, 1, '0', '7', '2019-11-12 10:53:53', '2019-11-12 11:01:30'),
(160, NULL, 2, 0, 1, 'fd', 1, 1, '0', '7', '2019-11-12 10:54:14', '2019-11-12 11:01:06'),
(163, NULL, 9, 0, 2, 'eat food', 1, 1, '0', '3', '2019-11-12 11:23:21', '2019-11-19 18:16:48'),
(164, NULL, 2, 0, 2, 'Medicoor', 1, 0, '0', '8', '2019-11-12 14:49:41', '2019-11-12 14:50:08'),
(165, NULL, 2, 0, 1, 'Medicoor1', 1, 0, '0', '8', '2019-11-12 14:50:26', '2019-11-12 14:50:26'),
(166, NULL, 2, 0, 2, 'Medicoor2', 1, 0, '0', '8', '2019-11-12 14:50:59', '2019-11-12 14:50:59'),
(167, NULL, 2, 0, 2, 'dsdsdd', 1, 0, '0', '8', '2019-11-12 15:25:40', '2019-11-12 15:47:07'),
(168, '160', 2, 0, 1, 'fd', 1, 0, '0', '8', '2019-11-12 15:36:17', '2019-11-12 15:36:17'),
(169, NULL, 2, 0, 2, 'Medicoorfddf', 1, 0, '0', '8', '2019-11-12 15:46:19', '2019-11-12 15:46:48'),
(170, '158', 2, 0, 2, 'sdfsd', 1, 0, '0', '8', '2019-11-12 15:50:41', '2019-11-12 15:50:41'),
(174, NULL, 2, 1, 2, 'Medicoorhhh', 1, 0, '0', '8', '2019-11-12 16:24:42', '2019-11-12 16:25:18'),
(176, NULL, 10, 0, 1, 'party', 1, 0, '0', '1', '2019-11-12 21:58:32', '2019-11-12 21:58:32'),
(177, NULL, 2, 0, 2, 'hjgh', 1, 0, '0', '9', '2019-11-13 09:45:22', '2019-11-13 09:45:22'),
(178, NULL, 2, 0, 1, 'ss', 1, 0, '0', '9', '2019-11-13 10:02:52', '2019-11-13 10:02:52'),
(179, NULL, 2, 0, 2, 'Medicoorwwq', 1, 0, '0', '9', '2019-11-13 10:15:33', '2019-11-13 10:16:09'),
(180, NULL, 2, 0, 2, 'inder act', 1, 0, '0', '9', '2019-11-13 10:27:49', '2019-11-13 10:30:00'),
(181, NULL, 2, 0, 1, 'inder act2', 1, 0, '0', '9', '2019-11-13 10:30:28', '2019-11-13 10:30:56'),
(182, NULL, 2, 0, 1, 'inder act3', 1, 0, '0', '9', '2019-11-13 10:31:39', '2019-11-13 10:31:49'),
(184, '174', 2, 0, 2, 'Medicoorhhh', 1, 0, '0', '9', '2019-11-13 10:43:22', '2019-11-13 10:43:22'),
(185, '165', 2, 0, 1, 'Medicoor1', 1, 0, '0', '9', '2019-11-13 10:44:51', '2019-11-13 10:44:51'),
(186, NULL, 2, 1, 2, 'adddmin', 1, 0, '0', '9', '2019-11-13 11:19:33', '2019-11-13 11:20:01'),
(187, '186', 2, 0, 2, 'adddmin', 1, 0, '0', '10', '2019-11-13 12:19:26', '2019-11-13 12:19:26'),
(188, NULL, 2, 0, 2, 'ghjgh', 1, 0, '0', '11', '2019-11-13 16:09:10', '2019-11-13 16:09:10'),
(189, NULL, 2, 0, 1, 'hhhhh', 1, 0, '0', '11', '2019-11-13 16:09:23', '2019-11-13 16:09:23'),
(190, NULL, 2, 0, 1, 'sdsd', 1, 0, '0', '1', '2019-11-13 16:21:08', '2019-11-13 16:21:08'),
(191, '190', 2, 0, 1, 'sdsd', 1, 0, '0', '2', '2019-11-13 16:26:12', '2019-11-13 16:26:12'),
(194, NULL, 2, 0, 1, 'Medicoorw', 1, 0, '0', '3', '2019-11-13 16:29:04', '2019-11-13 16:29:04'),
(195, NULL, 2, 0, 2, 'Medicoorww', 1, 0, '0', '3', '2019-11-13 16:29:25', '2019-11-13 16:29:25'),
(196, NULL, 2, 0, 1, 'new act', 1, 0, '0', '3', '2019-11-13 18:30:35', '2019-11-13 18:30:35'),
(198, NULL, 11, 0, 1, 'Medicoor', 1, 0, '0', '1', '2019-11-14 10:27:50', '2019-11-14 10:27:50'),
(199, NULL, 11, 0, 2, 'Medicoor1', 1, 0, '0', '1', '2019-11-14 10:28:09', '2019-11-14 10:28:09'),
(205, NULL, 11, 0, 1, 'Medicooradd', 1, 0, '0', '2', '2019-11-14 12:57:33', '2019-11-14 13:05:24'),
(206, NULL, 11, 0, 2, 'Medicooradd1', 1, 0, '0', '2', '2019-11-14 12:58:36', '2019-11-14 15:12:10'),
(207, NULL, 11, 0, 3, 'Medicooradd2', 1, 0, '0', '2', '2019-11-14 12:59:30', '2019-11-14 15:12:22'),
(227, NULL, 11, 0, 1, 'Medicoorq', 1, 0, '0', '2', '2019-11-18 09:53:47', '2019-11-18 09:53:47'),
(228, NULL, 11, 0, 2, 'Medicoorq1', 1, 0, '0', '2', '2019-11-18 09:54:05', '2019-11-18 09:54:05'),
(229, NULL, 11, 0, 3, 'Medicoorq2', 1, 0, '0', '2', '2019-11-18 09:54:25', '2019-11-18 09:54:25'),
(230, NULL, 21, 0, 2, 'Medicoor', 1, 0, '0', '1', '2019-11-18 15:13:41', '2019-11-18 15:15:24'),
(231, NULL, 21, 0, 1, 'Medicoor1', 1, 0, '0', '1', '2019-11-18 15:14:07', '2019-11-18 15:14:33'),
(232, NULL, 21, 0, 3, 'Medicoor2', 1, 0, '0', '1', '2019-11-18 15:16:08', '2019-11-18 15:16:08'),
(233, NULL, 21, 0, 1, 'Medicoor21', 1, 1, '0', '2', '2019-11-18 15:18:16', '2019-11-18 17:25:06'),
(234, NULL, 21, 0, 2, 'Medicoor22', 1, 0, '0', '2', '2019-11-18 15:18:59', '2019-11-18 15:20:09'),
(235, NULL, 21, 0, 3, 'Medicoor23', 1, 0, '0', '2', '2019-11-18 15:19:57', '2019-11-18 15:19:57'),
(237, NULL, 21, 0, 3, 'sds', 1, 0, '0', '2', '2019-11-18 16:09:57', '2019-11-18 16:09:57'),
(239, NULL, 21, 0, 3, 'sdsqq', 1, 0, '0', '2', '2019-11-18 16:31:03', '2019-11-18 16:56:34'),
(241, NULL, 21, 0, 3, 'qwqw', 1, 0, '0', '2', '2019-11-18 16:51:51', '2019-11-18 16:52:09'),
(242, '232', 21, 0, 3, 'Medicoor2s', 1, 0, '0', '2', '2019-11-18 16:52:34', '2019-11-18 16:54:10'),
(243, '231', 21, 0, 3, 'Medicoor1ff', 1, 0, '0', '2', '2019-11-18 16:54:43', '2019-11-18 16:54:58'),
(244, NULL, 21, 0, 1, 'new action', 1, 0, '0', '3', '2019-11-18 17:27:11', '2019-11-18 17:27:11'),
(245, NULL, 21, 0, 1, 'new action1', 1, 0, '0', '3', '2019-11-18 17:27:29', '2019-11-18 17:27:29'),
(247, NULL, 21, 0, 1, 'sdssds', 1, 0, '0', '3', '2019-11-18 18:41:50', '2019-11-18 18:41:50'),
(248, NULL, 21, 0, 1, 'xcx', 1, 0, '0', '3', '2019-11-18 18:50:28', '2019-11-18 18:50:28'),
(249, NULL, 21, 0, 1, 'ddsssssssssss', 1, 0, '0', '3', '2019-11-18 18:51:33', '2019-11-18 18:51:33'),
(250, NULL, 21, 0, 1, 'kkglgkk', 1, 0, '0', '3', '2019-11-18 18:52:33', '2019-11-18 18:52:33'),
(251, NULL, 9, 0, 1, 'buy a business', 1, 1, '0', '3', '2019-11-19 00:48:13', '2019-11-20 21:02:32'),
(252, NULL, 9, 0, 3, 'grocery shop', 1, 0, '0', '3', '2019-11-19 00:49:05', '2019-11-19 00:49:05'),
(254, NULL, 22, 0, 1, 'mow the lawn', 1, 1, '0', '2', '2019-11-19 01:35:04', '2019-12-05 18:32:51'),
(255, NULL, 25, 0, 2, 'ghj', 1, 0, '0', '1', '2019-11-19 11:01:21', '2019-11-19 11:01:21'),
(256, NULL, 25, 0, 1, 'Medicoor', 1, 0, '0', '1', '2019-11-19 11:01:40', '2019-11-19 11:01:40'),
(257, NULL, 25, 0, 3, 'Medicoorh', 1, 0, '0', '1', '2019-11-19 11:02:05', '2019-11-19 11:02:05'),
(268, NULL, 25, 0, 1, 'sds', 1, 0, '0', '2', '2019-11-19 13:26:58', '2019-11-19 13:26:58'),
(269, NULL, 25, 0, 3, 'sdsdsd', 1, 0, '0', '2', '2019-11-19 13:27:12', '2019-11-19 13:27:12'),
(270, NULL, 25, 0, 2, 'dddd', 1, 0, '0', '2', '2019-11-19 13:27:28', '2019-11-19 13:27:28'),
(271, NULL, 25, 0, 1, 'qqqqqq', 1, 0, '0', '1', '2019-11-19 13:28:12', '2019-11-19 13:28:12'),
(272, NULL, 25, 0, 1, 'dfdf', 1, 0, '0', '2', '2019-11-19 13:29:06', '2019-11-19 13:29:06'),
(273, '256', 25, 0, 1, 'Medicoor', 1, 0, '0', '2', '2019-11-19 13:29:19', '2019-11-19 13:29:19'),
(274, NULL, 25, 0, 1, 'sdseee', 1, 0, '0', '2', '2019-11-19 13:29:34', '2019-11-19 13:29:34'),
(275, NULL, 25, 0, 2, 'Medicoorj', 1, 1, '0', '3', '2019-11-19 14:35:13', '2019-11-19 14:36:26'),
(276, NULL, 9, 0, 2, 'drink', 1, 0, '0', '3', '2019-11-19 17:45:47', '2019-11-20 21:00:12'),
(277, NULL, 25, 0, 1, 'Medicoorfff', 1, 0, '0', '3', '2019-11-19 17:52:55', '2019-11-19 17:52:55'),
(278, NULL, 25, 0, 3, 'kjhjkhj', 1, 0, '0', '3', '2019-11-19 17:53:27', '2019-11-19 17:53:27'),
(279, NULL, 9, 0, 1, 'fry', 1, 0, '0', '3', '2019-11-19 18:19:10', '2019-11-19 18:19:10'),
(280, NULL, 25, 0, 1, 'nextweek', 1, 0, '0', '3', '2019-11-20 10:19:19', '2019-11-20 10:19:19'),
(281, NULL, 25, 0, 1, 'nextweek2', 1, 0, '0', '3', '2019-11-20 10:20:00', '2019-11-20 10:20:00'),
(282, NULL, 25, 0, 1, 'nextweek 3', 1, 0, '0', '3', '2019-11-20 10:23:08', '2019-11-20 10:31:01'),
(284, NULL, 25, 0, 1, 'kkkkkkkk', 1, 0, '0', '3', '2019-11-20 10:23:45', '2019-11-20 10:23:45'),
(285, NULL, 25, 0, 1, 'fffff', 1, 0, '0', '3', '2019-11-20 10:30:04', '2019-11-20 10:30:04'),
(300, NULL, 25, 0, 1, 'next week1', 1, 0, '0', '3', '2019-11-20 10:50:23', '2019-11-20 10:50:23'),
(306, NULL, 25, 0, 2, 'fgfgfg', 1, 0, '0', '4', '2019-11-20 11:17:33', '2019-11-20 11:17:33'),
(308, NULL, 25, 0, 2, 'inder1', 1, 1, '0', '4', '2019-11-20 11:40:46', '2019-11-20 11:41:56'),
(319, NULL, 25, 0, 1, 'action with question one time', 1, 1, '0', '5', '2019-11-20 16:11:35', '2019-11-20 16:16:23'),
(320, NULL, 25, 0, 3, 'action with question weekly', 1, 1, '0', '5', '2019-11-20 16:12:19', '2019-11-20 16:16:01'),
(321, NULL, 25, 0, 2, 'action with question daily', 1, 1, '0', '5', '2019-11-20 16:13:21', '2019-11-20 16:17:17'),
(322, NULL, 25, 0, 1, 'action without question one time', 1, 1, '0', '5', '2019-11-20 16:14:40', '2019-11-20 16:16:07'),
(323, NULL, 25, 0, 3, 'action without question weekly', 1, 1, '0', '5', '2019-11-20 16:15:11', '2019-11-20 16:15:45'),
(324, NULL, 25, 0, 2, 'action without question daily', 1, 1, '0', '5', '2019-11-20 16:15:35', '2019-11-20 16:18:47'),
(325, '324', 25, 0, 2, 'action without question daily', 1, 0, '0', '6', '2019-11-20 16:19:41', '2019-11-20 16:19:41'),
(326, NULL, 25, 0, 2, 'iinderdfdf', 1, 0, '0', '5', '2019-11-20 16:22:55', '2019-11-21 09:44:25'),
(328, '321', 25, 0, 2, 'action with question daily1', 1, 0, '0', '6', '2019-11-20 16:38:15', '2019-11-20 16:39:13'),
(329, NULL, 25, 0, 2, 'dfdfdd', 1, 1, '0', '5', '2019-11-20 16:46:25', '2019-11-20 16:46:34'),
(330, NULL, 25, 0, 2, 'kjljkljk', 1, 1, '0', '5', '2019-11-20 16:46:50', '2019-11-20 16:46:57'),
(331, NULL, 25, 0, 2, 'dss', 1, 1, '0', '5', '2019-11-20 16:49:15', '2019-11-20 16:50:38'),
(332, NULL, 25, 0, 2, 'sdfsdfdsfds', 1, 1, '0', '5', '2019-11-20 16:50:53', '2019-11-20 16:51:03'),
(333, NULL, 25, 0, 2, 'fffffff', 1, 1, '0', '5', '2019-11-20 16:52:38', '2019-11-21 09:29:06'),
(334, NULL, 25, 0, 2, 'dsds', 1, 1, '0', '5', '2019-11-20 16:54:04', '2019-11-21 09:29:01'),
(335, NULL, 25, 0, 2, 'fsdfsdfsfsdfsdf', 1, 1, '0', '5', '2019-11-20 16:55:22', '2019-11-20 16:55:35'),
(336, NULL, 25, 0, 2, 'sdsdsdsdsd', 1, 1, '0', '5', '2019-11-20 16:56:47', '2019-11-21 09:28:46'),
(337, NULL, 25, 0, 2, 'cvcvcv', 1, 1, '0', '5', '2019-11-20 16:57:16', '2019-11-21 09:28:53'),
(338, NULL, 25, 0, 1, 'kjljkljkjj', 1, 1, '0', '5', '2019-11-20 17:57:17', '2019-11-20 18:10:52'),
(339, NULL, 25, 0, 1, 'qqq', 1, 1, '0', '5', '2019-11-20 17:58:32', '2019-11-20 17:58:38'),
(340, NULL, 25, 0, 1, 'inder act2', 1, 1, '0', '5', '2019-11-20 18:11:15', '2019-11-20 18:11:21'),
(341, '163', 9, 0, 2, 'eat out', 1, 1, '0', '4', '2019-11-20 21:10:38', '2019-11-26 00:10:06'),
(342, '251', 9, 0, 1, 'buy a business', 1, 1, '0', '4', '2019-11-20 21:12:54', '2019-11-20 21:15:35'),
(343, '252', 9, 0, 3, 'grocery shop', 1, 0, '0', '4', '2019-11-20 21:13:24', '2019-11-20 21:13:24'),
(344, '276', 9, 0, 2, 'drink', 1, 0, '0', '4', '2019-11-20 21:13:46', '2019-11-20 21:13:46'),
(345, '279', 9, 0, 1, 'fry', 1, 1, '0', '4', '2019-11-20 21:13:52', '2019-11-26 00:10:17'),
(346, '344', 9, 0, 2, 'drink', 1, 0, '1', '5', '2019-11-20 21:18:28', '2019-11-20 21:18:28'),
(347, '345', 9, 0, 1, 'fry', 1, 0, '1', '5', '2019-11-20 21:18:37', '2019-11-20 21:18:37'),
(348, '341', 9, 0, 2, 'eat out', 1, 0, '1', '5', '2019-11-20 21:19:58', '2019-11-20 21:19:58'),
(349, NULL, 25, 0, 2, 'sdfsdfsdfdsfsdfsdtttt', 1, 1, '0', '5', '2019-11-21 09:29:41', '2019-11-21 09:30:11'),
(350, NULL, 25, 0, 1, 'ddddddddd', 1, 1, '0', '5', '2019-11-21 09:36:16', '2019-11-21 09:38:33'),
(351, NULL, 25, 0, 3, 'fdgdfgdfgdfgdfgdfg', 1, 1, '0', '5', '2019-11-21 09:38:53', '2019-11-21 09:39:08'),
(352, NULL, 25, 0, 1, 'dfddf', 1, 0, '0', '5', '2019-11-21 09:39:31', '2019-11-21 09:39:31'),
(354, '351', 25, 0, 3, 'fdgdfgdfgdfgdfgdfg', 1, 0, '0', '6', '2019-11-21 09:48:47', '2019-11-21 09:48:47'),
(355, NULL, 25, 0, 1, 'ewrwer', 1, 0, '0', '3', '2019-11-21 11:04:59', '2019-11-21 11:04:59'),
(356, NULL, 25, 0, 2, 'ffggggg', 1, 1, '0', '3', '2019-11-21 11:05:28', '2019-11-21 11:05:53'),
(357, '355', 25, 0, 1, 'ewrwer', 1, 1, '0', '4', '2019-11-21 11:10:52', '2019-11-21 11:38:39'),
(358, '356', 25, 0, 2, 'ffggggg', 1, 0, '0', '4', '2019-11-21 11:19:57', '2019-11-21 11:19:57'),
(359, NULL, 25, 0, 1, 'seeds', 1, 0, '0', '3', '2019-11-21 11:20:18', '2019-11-21 11:20:18'),
(360, NULL, 25, 0, 2, 'ffffffddd', 1, 1, '0', '4', '2019-11-21 11:39:10', '2019-11-21 11:39:21'),
(366, NULL, 25, 0, 2, 'wwww', 1, 0, '0', '4', '2019-11-21 12:03:26', '2019-11-21 12:03:41'),
(369, NULL, 25, 0, 3, 'Medicoorjj', 1, 1, '0', '4', '2019-11-21 12:22:30', '2019-12-05 18:12:55'),
(370, NULL, 25, 0, 3, 'sfdsfsdfsd', 1, 0, '0', '4', '2019-11-21 12:24:35', '2019-11-21 12:24:35'),
(371, NULL, 25, 0, 3, 'yyyyyy', 1, 1, '0', '4', '2019-11-21 12:32:14', '2019-11-21 12:32:21'),
(379, NULL, 25, 0, 1, 'Medicoorkk', 1, 1, '0', '5', '2019-11-25 10:17:37', '2019-11-25 13:00:32'),
(382, NULL, 25, 0, 1, 'inderpaul111', 1, 0, '0', '5', '2019-11-25 12:19:18', '2019-11-25 13:11:26'),
(384, NULL, 25, 0, 3, 'inderpaul333', 1, 0, '0', '5', '2019-11-25 12:20:36', '2019-11-25 12:20:36'),
(388, '369', 25, 0, 1, 'Medicoorjj', 1, 0, '1', '5', '2019-11-25 14:35:00', '2019-11-25 14:35:12'),
(389, NULL, 2, 0, 1, 'new action', 1, 0, '0', '3', '2019-12-03 10:54:28', '2019-12-03 10:54:28'),
(390, NULL, 28, 0, 1, 'Play chicken', 1, 1, '0', '1', '2019-12-03 10:57:35', '2019-12-03 10:59:08'),
(391, NULL, 2, 0, 1, 'Test title', 1, 0, '0', '4', '2019-12-03 10:58:52', '2019-12-03 10:58:52'),
(392, NULL, 28, 0, 3, 'shop', 1, 1, '0', '2', '2019-12-03 11:06:43', '2019-12-03 11:06:47'),
(401, NULL, 25, 0, 2, 'paultest1', 1, 1, '0', '5', '2019-12-05 18:15:27', '2019-12-05 18:19:11'),
(402, NULL, 25, 0, 2, 'Medicoorqw', 1, 0, '0', '5', '2019-12-05 18:35:50', '2019-12-05 18:35:50'),
(403, NULL, 25, 0, 2, 'Medicoorqq', 1, 1, '0', '5', '2019-12-05 18:36:16', '2019-12-05 18:36:19');

-- --------------------------------------------------------

--
-- Table structure for table `ala_action_goal_mapping`
--

CREATE TABLE `ala_action_goal_mapping` (
  `id` int(11) NOT NULL,
  `user_id` int(11) NOT NULL DEFAULT '0',
  `action_id` int(11) NOT NULL,
  `goal_id` int(11) NOT NULL
) ENGINE=InnoDB DEFAULT CHARSET=latin1;

--
-- Dumping data for table `ala_action_goal_mapping`
--

INSERT INTO `ala_action_goal_mapping` (`id`, `user_id`, `action_id`, `goal_id`) VALUES
(1, 1, 1, 2),
(2, 1, 1, 3),
(45, 1, 2, 2),
(46, 1, 2, 3),
(47, 1, 3, 2),
(48, 1, 3, 4),
(49, 2, 4, 5),
(52, 2, 5, 5),
(57, 1, 9, 2),
(58, 1, 9, 3),
(59, 1, 10, 2),
(60, 1, 10, 3),
(61, 1, 11, 2),
(62, 1, 11, 3),
(65, 1, 12, 2),
(66, 1, 12, 3),
(67, 1, 13, 3),
(68, 1, 14, 3),
(69, 1, 15, 4),
(71, 1, 17, 3),
(72, 2, 18, 5),
(73, 1, 19, 3),
(74, 1, 20, 3),
(75, 1, 21, 3),
(78, 1, 24, 2),
(79, 1, 25, 3),
(80, 1, 26, 2),
(81, 1, 27, 4),
(82, 1, 28, 2),
(83, 1, 29, 3),
(84, 1, 30, 2),
(86, 2, 32, 5),
(87, 2, 33, 5),
(88, 2, 34, 5),
(89, 2, 35, 5),
(90, 2, 36, 5),
(91, 2, 37, 5),
(92, 2, 38, 5),
(123, 2, 66, 8),
(124, 2, 67, 8),
(126, 2, 69, 8),
(129, 2, 68, 9),
(130, 2, 70, 9),
(131, 2, 71, 9),
(133, 2, 73, 9),
(137, 2, 74, 9),
(138, 2, 75, 10),
(139, 2, 76, 9),
(140, 2, 77, 9),
(141, 2, 77, 10),
(142, 2, 78, 9),
(143, 2, 79, 9),
(144, 2, 79, 10),
(145, 2, 80, 9),
(146, 2, 80, 10),
(147, 2, 81, 9),
(152, 2, 86, 9),
(153, 2, 87, 10),
(154, 2, 88, 9),
(155, 4, 89, 11),
(156, 4, 90, 11),
(157, 5, 91, 12),
(158, 5, 92, 12),
(159, 5, 93, 12),
(160, 5, 94, 12),
(161, 5, 95, 12),
(163, 5, 96, 12),
(164, 5, 97, 12),
(177, 5, 110, 12),
(182, 5, 115, 12),
(183, 5, 116, 12),
(184, 5, 117, 12),
(185, 5, 118, 12),
(187, 5, 120, 12),
(188, 5, 121, 12),
(189, 5, 122, 12),
(190, 5, 123, 12),
(196, 5, 129, 12),
(200, 5, 131, 12),
(201, 2, 132, 9),
(202, 2, 133, 10),
(205, 9, 136, 14),
(206, 9, 137, 15),
(207, 9, 138, 14),
(208, 9, 139, 15),
(210, 9, 140, 14),
(211, 9, 141, 15),
(212, 9, 142, 14),
(213, 9, 143, 15),
(214, 9, 144, 15),
(215, 9, 145, 14),
(222, 2, 146, 9),
(228, 2, 147, 9),
(229, 2, 148, 9),
(238, 2, 149, 8),
(239, 2, 149, 9),
(240, 2, 149, 10),
(241, 2, 149, 13),
(242, 2, 150, 9),
(243, 2, 151, 9),
(244, 2, 151, 10),
(245, 2, 152, 9),
(254, 2, 158, 8),
(255, 2, 158, 9),
(256, 2, 158, 10),
(257, 2, 158, 13),
(259, 2, 160, 9),
(267, 2, 164, 9),
(268, 2, 165, 9),
(269, 2, 166, 9),
(272, 2, 168, 9),
(275, 2, 169, 9),
(276, 2, 167, 9),
(277, 2, 170, 8),
(278, 2, 170, 9),
(279, 2, 170, 10),
(280, 2, 170, 13),
(281, 2, 171, 9),
(282, 2, 172, 9),
(283, 2, 173, 9),
(285, 2, 174, 9),
(286, 9, 163, 14),
(287, 10, 175, 16),
(288, 10, 176, 16),
(289, 2, 177, 9),
(290, 2, 178, 9),
(292, 2, 179, 9),
(295, 2, 180, 9),
(298, 2, 181, 9),
(300, 2, 182, 9),
(301, 2, 183, 9),
(302, 2, 184, 9),
(303, 2, 185, 9),
(306, 2, 186, 9),
(307, 2, 186, 10),
(308, 2, 187, 9),
(309, 2, 187, 10),
(310, 2, 188, 9),
(311, 2, 189, 9),
(312, 2, 189, 13),
(313, 2, 190, 9),
(314, 2, 191, 9),
(315, 2, 192, 9),
(316, 2, 193, 9),
(317, 2, 194, 9),
(318, 2, 195, 9),
(319, 2, 195, 10),
(320, 2, 196, 9),
(322, 11, 198, 17),
(323, 11, 199, 17),
(349, 11, 205, 17),
(374, 11, 206, 17),
(375, 11, 207, 17),
(409, 11, 227, 17),
(410, 11, 228, 17),
(411, 11, 229, 17),
(414, 21, 231, 48),
(415, 21, 230, 48),
(416, 21, 232, 48),
(417, 21, 233, 48),
(419, 21, 235, 48),
(420, 21, 234, 48),
(422, 21, 237, 48),
(433, 21, 241, 48),
(437, 21, 242, 48),
(439, 21, 243, 48),
(441, 21, 239, 48),
(442, 21, 244, 48),
(443, 21, 245, 48),
(445, 21, 247, 48),
(446, 21, 248, 48),
(447, 21, 249, 48),
(448, 21, 250, 48),
(449, 9, 251, 15),
(450, 9, 252, 14),
(451, 22, 253, 53),
(452, 22, 254, 53),
(453, 25, 255, 56),
(454, 25, 256, 56),
(455, 25, 257, 56),
(475, 25, 268, 93),
(476, 25, 269, 93),
(477, 25, 270, 93),
(478, 25, 271, 93),
(479, 25, 272, 93),
(480, 25, 273, 93),
(481, 25, 274, 93),
(483, 25, 275, 93),
(485, 25, 277, 93),
(486, 25, 278, 93),
(487, 9, 279, 14),
(488, 25, 280, 93),
(489, 25, 281, 93),
(492, 25, 284, 93),
(493, 25, 285, 93),
(496, 25, 282, 93),
(497, 25, 287, 93),
(498, 25, 288, 93),
(499, 25, 289, 93),
(501, 25, 291, 93),
(505, 25, 295, 93),
(506, 25, 296, 93),
(507, 25, 297, 93),
(508, 25, 298, 93),
(509, 25, 299, 93),
(510, 25, 300, 93),
(517, 25, 306, 93),
(521, 25, 308, 93),
(539, 25, 320, 93),
(542, 25, 319, 93),
(544, 25, 321, 93),
(545, 25, 322, 93),
(546, 25, 323, 93),
(547, 25, 324, 93),
(548, 25, 325, 93),
(551, 25, 327, 93),
(553, 25, 328, 93),
(554, 25, 329, 93),
(555, 25, 330, 93),
(556, 25, 331, 93),
(557, 25, 332, 93),
(558, 25, 333, 93),
(559, 25, 334, 93),
(560, 25, 335, 93),
(561, 25, 336, 93),
(563, 25, 337, 93),
(564, 25, 338, 93),
(565, 25, 339, 93),
(566, 25, 340, 93),
(567, 9, 276, 15),
(569, 9, 342, 15),
(570, 9, 343, 14),
(571, 9, 344, 15),
(572, 9, 345, 14),
(575, 9, 341, 14),
(576, 9, 346, 15),
(577, 9, 347, 14),
(578, 9, 348, 14),
(579, 25, 349, 93),
(580, 25, 350, 93),
(581, 25, 351, 93),
(582, 25, 352, 93),
(584, 25, 326, 93),
(585, 25, 354, 93),
(586, 25, 355, 93),
(587, 25, 356, 94),
(588, 25, 357, 94),
(589, 25, 358, 94),
(590, 25, 359, 94),
(591, 25, 360, 94),
(603, 25, 366, 94),
(607, 25, 370, 97),
(608, 25, 371, 97),
(630, 25, 379, 97),
(631, 25, 369, 94),
(637, 25, 384, 94),
(643, 25, 382, 94),
(645, 25, 388, 94),
(646, 2, 389, 8),
(647, 28, 390, 98),
(648, 2, 391, 9),
(649, 28, 392, 100),
(650, 28, 393, 98),
(658, 25, 401, 97),
(659, 25, 402, 94),
(660, 25, 403, 94);

-- --------------------------------------------------------

--
-- Table structure for table `ala_action_question`
--

CREATE TABLE `ala_action_question` (
  `id` int(11) NOT NULL,
  `actionId` int(11) DEFAULT NULL,
  `remId` varchar(20) DEFAULT NULL,
  `user_id` int(11) DEFAULT NULL,
  `question` text,
  `answer` text,
  `created_date` datetime DEFAULT NULL,
  `updated_date` datetime DEFAULT NULL
) ENGINE=MyISAM DEFAULT CHARSET=latin1;

--
-- Dumping data for table `ala_action_question`
--

INSERT INTO `ala_action_question` (`id`, `actionId`, `remId`, `user_id`, `question`, `answer`, `created_date`, `updated_date`) VALUES
(50, 76, NULL, 2, 'ddd', NULL, '2019-11-07 03:27:20', NULL),
(49, 75, NULL, 2, 'sdsdk', NULL, '2019-11-07 03:14:25', NULL),
(44, 73, NULL, 2, 'How are you?', NULL, '2019-11-07 02:54:29', NULL),
(48, 74, NULL, 2, 'sddshhhh', NULL, '2019-11-07 03:14:14', NULL),
(43, 72, NULL, 2, 'How are you?', 'tester', '2019-11-07 02:53:45', '2019-11-07 03:44:21'),
(42, 71, NULL, 2, 'What is your name?', 'John', '2019-11-07 02:53:05', '2019-11-07 03:50:44'),
(40, 68, NULL, 2, 'What is your hobby?', 'Test', '2019-11-07 11:51:32', '2019-11-07 15:32:49'),
(34, 69, NULL, 2, 'What is your name?', NULL, '2019-11-07 11:41:43', NULL),
(41, 70, NULL, 2, 'what is you name?', NULL, '2019-11-07 12:29:26', NULL),
(39, 68, NULL, 2, 'What is your name?', 'Test', '2019-11-07 11:51:32', '2019-11-07 15:32:49'),
(31, 67, NULL, 2, 'What is your hobby?', NULL, '2019-11-07 11:39:37', NULL),
(30, 67, NULL, 2, 'What is your name?', NULL, '2019-11-07 11:39:37', NULL),
(51, 77, NULL, 2, 'How are you?', NULL, '2019-11-07 04:51:08', NULL),
(52, 77, NULL, 2, 'tester new', NULL, '2019-11-07 04:51:08', NULL),
(53, 78, NULL, 2, 'test1', NULL, '2019-11-07 04:55:51', NULL),
(54, 78, NULL, 2, 'test2', NULL, '2019-11-07 04:55:51', NULL),
(55, 79, NULL, 2, 'How are you?', NULL, '2019-11-07 04:56:19', NULL),
(56, 79, NULL, 2, 'What is you name?', NULL, '2019-11-07 04:56:19', NULL),
(57, 80, NULL, 2, 'What is your name?', NULL, '2019-11-07 04:56:46', NULL),
(58, 81, NULL, 2, 'How are you?', NULL, '2019-11-07 05:07:04', NULL),
(59, 82, NULL, 2, 'What is your name?', NULL, '2019-11-07 05:12:00', NULL),
(60, 83, NULL, 2, 'What is your name?', NULL, '2019-11-07 05:14:50', NULL),
(61, 84, NULL, 2, 'What is your name?', NULL, '2019-11-07 05:19:47', NULL),
(62, 84, NULL, 2, 'dsfsdf', NULL, '2019-11-07 05:19:47', NULL),
(63, 85, NULL, 2, 'What is your name?', NULL, '2019-11-07 05:30:41', NULL),
(64, 85, NULL, 2, 'sdsdsd', NULL, '2019-11-07 05:30:41', NULL),
(65, 86, NULL, 2, 'test1', NULL, '2019-11-07 05:32:14', NULL),
(66, 86, NULL, 2, 'test2', NULL, '2019-11-07 05:32:14', NULL),
(67, 89, NULL, 4, 'does your girl like to party all the time?', NULL, '2019-11-08 08:08:25', NULL),
(68, 90, NULL, 4, 'Question should not be required', NULL, '2019-11-08 08:11:06', NULL),
(69, 90, NULL, 4, 'nor this question', NULL, '2019-11-08 08:11:06', NULL),
(70, 91, NULL, 5, 'what is your name?', NULL, '2019-11-11 11:05:00', NULL),
(71, 92, NULL, 5, 'what is your name?', NULL, '2019-11-11 11:05:43', NULL),
(72, 93, NULL, 5, 'what is your name?', NULL, '2019-11-11 11:17:06', NULL),
(73, 94, NULL, 5, 'fgfg', NULL, '2019-11-11 11:19:43', NULL),
(74, 95, NULL, 5, 'sdfs', NULL, '2019-11-11 11:56:24', NULL),
(76, 96, NULL, 5, 'dddd', NULL, '2019-11-11 12:02:08', NULL),
(77, 97, NULL, 5, 'gg', NULL, '2019-11-11 12:12:21', NULL),
(78, 98, NULL, 5, 'dfgd', NULL, '2019-11-11 12:13:14', NULL),
(79, 99, NULL, 5, 'sdsd', NULL, '2019-11-11 12:20:30', NULL),
(80, 100, NULL, 5, 'yuiyu', NULL, '2019-11-11 12:26:01', NULL),
(81, 101, NULL, 5, 'sdfs', NULL, '2019-11-11 12:27:16', NULL),
(82, 102, NULL, 5, 'sdfsd', NULL, '2019-11-11 12:33:40', NULL),
(83, 103, NULL, 5, 'sds', NULL, '2019-11-11 12:35:17', NULL),
(84, 104, NULL, 5, 'fgfdg', NULL, '2019-11-11 12:42:44', NULL),
(85, 105, NULL, 5, 'dfgdf', NULL, '2019-11-11 12:43:14', NULL),
(86, 106, NULL, 5, 'vbv', NULL, '2019-11-11 12:44:07', NULL),
(87, 107, NULL, 5, 'dfgdf', NULL, '2019-11-11 12:45:07', NULL),
(88, 108, NULL, 5, 'asdd', NULL, '2019-11-11 12:46:32', NULL),
(89, 109, NULL, 5, 'sdf', NULL, '2019-11-11 12:48:20', NULL),
(90, 110, NULL, 5, 'asdasd', NULL, '2019-11-11 01:02:52', NULL),
(91, 111, NULL, 5, 'dsfsd', NULL, '2019-11-11 01:04:06', NULL),
(92, 112, NULL, 5, 'dgfdf', NULL, '2019-11-11 01:05:49', NULL),
(93, 113, NULL, 5, 'ttttt', NULL, '2019-11-11 01:06:14', NULL),
(94, 114, NULL, 5, 'xcvxc', NULL, '2019-11-11 01:07:27', NULL),
(95, 115, NULL, 5, 'sds', NULL, '2019-11-11 02:28:40', NULL),
(96, 116, NULL, 5, 'fff', NULL, '2019-11-11 02:31:38', NULL),
(97, 117, NULL, 5, 'sd', NULL, '2019-11-11 02:33:52', NULL),
(98, 118, NULL, 5, 'xcvxc', NULL, '2019-11-11 02:34:48', NULL),
(99, 119, NULL, 5, 'gg', NULL, '2019-11-11 02:39:10', NULL),
(100, 120, NULL, 5, 'what is your named?', NULL, '2019-11-11 02:39:37', NULL),
(101, 121, NULL, 5, 'what is your namef?', NULL, '2019-11-11 02:41:47', NULL),
(102, 122, NULL, 5, 'what is your namee?', NULL, '2019-11-11 02:43:34', NULL),
(103, 123, NULL, 5, 'what is your named?', NULL, '2019-11-11 02:46:07', NULL),
(104, 124, NULL, 5, 'ddddddd', NULL, '2019-11-11 02:47:28', NULL),
(105, 125, NULL, 5, 'what is your name?', NULL, '2019-11-11 02:47:51', NULL),
(106, 126, NULL, 5, 'what is your name?', NULL, '2019-11-11 03:00:04', NULL),
(107, 127, NULL, 5, 'what is your name?eee', NULL, '2019-11-11 03:00:22', NULL),
(108, 128, NULL, 5, 'what is your name?ff', NULL, '2019-11-11 03:26:27', NULL),
(109, 129, NULL, 5, 'sdfs', NULL, '2019-11-11 03:26:36', NULL),
(111, 130, NULL, 5, 'qwqw', NULL, '2019-11-11 03:27:55', NULL),
(112, 131, NULL, 5, 'hh', NULL, '2019-11-11 04:13:42', NULL),
(113, 132, NULL, 2, 'www', NULL, '2019-11-11 06:26:23', NULL),
(114, 133, NULL, 2, 'ddd', NULL, '2019-11-11 06:27:47', NULL),
(115, 134, NULL, 2, 'ddd', NULL, '2019-11-11 06:50:21', NULL),
(116, 135, NULL, 2, 'www', NULL, '2019-11-11 06:50:44', NULL),
(122, 140, NULL, 9, 'how does your mom feel', 'your mom', '2019-11-11 10:17:53', '2019-11-11 10:22:13'),
(121, 140, NULL, 9, 'How do you not feel', 'not like partying', '2019-11-11 10:17:53', '2019-11-11 10:22:13'),
(120, 140, NULL, 9, 'How do you feel', 'like partying', '2019-11-11 10:17:53', '2019-11-11 10:22:13'),
(136, 151, NULL, 2, 'sds', NULL, '2019-11-12 10:45:47', NULL),
(135, 149, NULL, 2, 'sdf', NULL, '2019-11-12 10:44:55', NULL),
(138, 156, NULL, 2, 'sddsd', NULL, '2019-11-12 10:52:55', NULL),
(139, 158, NULL, 2, 'sdf', 'vcvc', '2019-11-12 10:53:53', '2019-11-12 11:01:30'),
(140, 158, NULL, 2, 'dfs', 'vcv', '2019-11-12 10:53:53', '2019-11-12 11:01:30'),
(141, 160, NULL, 2, 'fsdf', 'gggggggggg', '2019-11-12 10:54:14', '2019-11-12 11:01:06'),
(159, 163, NULL, 9, 'Where did you eat?', 'kjdf', '2019-11-12 09:32:30', '2019-11-19 06:16:48'),
(158, 163, NULL, 9, 'How much did you eat?', 'klajf', '2019-11-12 09:32:30', '2019-11-19 06:16:48'),
(157, 163, NULL, 9, 'What did you eat?', 'adfkjal', '2019-11-12 09:32:30', '2019-11-19 06:16:48'),
(148, 164, NULL, 2, 'test', NULL, '2019-11-12 02:50:08', NULL),
(152, 167, NULL, 2, 'sds', NULL, '2019-11-12 03:47:07', NULL),
(150, 168, NULL, 2, 'fsdf', NULL, '2019-11-12 03:36:17', NULL),
(153, 170, NULL, 2, 'sdf', NULL, '2019-11-12 03:50:41', NULL),
(154, 170, NULL, 2, 'dfs', NULL, '2019-11-12 03:50:41', NULL),
(156, 174, NULL, 2, 'hhhh', NULL, '2019-11-12 04:25:18', NULL),
(160, 175, NULL, 10, 'what did you eat?', 'fish', '2019-11-12 09:57:34', '2019-11-12 09:57:53'),
(161, 175, NULL, 10, 'where did you eat?', 'red lobster', '2019-11-12 09:57:34', '2019-11-12 09:57:53'),
(162, 175, NULL, 10, 'how much did you eat?', 'too much', '2019-11-12 09:57:34', '2019-11-12 09:57:53'),
(163, 183, NULL, 2, 'hhhh', NULL, '2019-11-13 10:39:18', NULL),
(164, 184, NULL, 2, 'hhhh', NULL, '2019-11-13 10:43:22', NULL),
(166, 186, NULL, 2, 'ggggggg', NULL, '2019-11-13 11:20:01', NULL),
(167, 187, NULL, 2, 'ggggggg', NULL, '2019-11-13 12:19:26', NULL),
(168, 192, NULL, 2, 'What is your name?', NULL, '2019-11-13 04:26:19', NULL),
(169, 192, NULL, 2, 'What is your hobby?', NULL, '2019-11-13 04:26:19', NULL),
(170, 195, NULL, 2, 'asasas', NULL, '2019-11-13 04:29:25', NULL),
(171, 199, NULL, 11, 'test', NULL, '2019-11-14 10:28:09', NULL),
(172, 202, NULL, 11, 'test', NULL, '2019-11-14 12:01:10', NULL),
(173, 204, NULL, 11, 'test', NULL, '2019-11-14 12:10:01', NULL),
(201, 217, NULL, 11, 'dfsdf', NULL, '2019-11-15 12:46:32', NULL),
(199, 211, NULL, 11, 'test1', NULL, '2019-11-15 12:15:39', NULL),
(202, 218, NULL, 11, 'sdfsd', NULL, '2019-11-15 12:46:46', NULL),
(204, 220, NULL, 11, 'test1', NULL, '2019-11-15 01:00:01', NULL),
(205, 221, NULL, 11, 'dfsdf', NULL, '2019-11-15 01:10:25', NULL),
(206, 227, NULL, 11, 'test', NULL, '2019-11-18 09:53:47', NULL),
(208, 231, NULL, 21, 'tester', NULL, '2019-11-18 03:14:33', NULL),
(209, 233, NULL, 21, 'test21', 'test yes', '2019-11-18 03:18:16', '2019-11-18 05:25:06'),
(210, 235, NULL, 21, 'test3', NULL, '2019-11-18 03:19:57', NULL),
(211, 234, NULL, 21, 'test2', NULL, '2019-11-18 03:20:09', NULL),
(217, 253, NULL, 22, 'What did you eat?', NULL, '2019-11-19 01:34:00', NULL),
(218, 253, NULL, 22, 'How much did you eat?', NULL, '2019-11-19 01:34:00', NULL),
(219, 253, NULL, 22, 'Where did you eat?', NULL, '2019-11-19 01:34:00', NULL),
(220, 256, NULL, 25, 'bbbbbbbbb', 'gggg', '2019-11-19 11:01:40', NULL),
(221, 257, NULL, 25, 'uyiyui', NULL, '2019-11-19 11:02:05', NULL),
(222, 258, NULL, 25, 'sdsd', NULL, '2019-11-19 11:03:57', NULL),
(234, 259, NULL, 25, 'dsds', NULL, '2019-11-19 12:35:30', NULL),
(224, 260, NULL, 25, 'sdsd', NULL, '2019-11-19 11:04:41', NULL),
(225, 261, NULL, 25, 'qwqw', NULL, '2019-11-19 11:15:06', NULL),
(229, 262, NULL, 25, 'ssss', NULL, '2019-11-19 11:32:49', NULL),
(231, 263, NULL, 25, 'bbbbbbbbb', 'gggg', '2019-11-19 11:34:11', NULL),
(232, 265, NULL, 25, 'test', NULL, '2019-11-19 12:07:03', NULL),
(233, 266, NULL, 25, 'fffff', NULL, '2019-11-19 12:07:41', NULL),
(238, 267, NULL, 25, 'erer', 'rr', '2019-11-19 12:38:23', '2019-11-19 12:38:37'),
(239, 270, NULL, 25, 'sdsd', NULL, '2019-11-19 01:27:28', NULL),
(240, 271, NULL, 25, 'sds', NULL, '2019-11-19 01:28:12', NULL),
(241, 272, NULL, 25, 'dfdf', NULL, '2019-11-19 01:29:06', NULL),
(242, 273, NULL, 25, 'bbbbbbbbb', NULL, '2019-11-19 01:29:19', NULL),
(243, 275, NULL, 25, 'gggggg', 'mmmmm', '2019-11-19 02:35:25', '2019-11-19 02:36:26'),
(244, 277, NULL, 25, 'fsdfsd', NULL, '2019-11-19 05:52:55', NULL),
(245, 278, NULL, 25, 'jjlkjl', NULL, '2019-11-19 05:53:27', NULL),
(246, 279, NULL, 9, 'what did you fry?', NULL, '2019-11-19 06:19:10', NULL),
(247, 280, NULL, 25, 'sds', NULL, '2019-11-20 10:19:19', NULL),
(249, 282, NULL, 25, 'jhkh', NULL, '2019-11-20 10:31:01', NULL),
(250, 290, NULL, 25, 'fsdfsd', NULL, '2019-11-20 10:41:44', NULL),
(251, 293, NULL, 25, 'fsdfsd', NULL, '2019-11-20 10:43:15', NULL),
(252, 298, NULL, 25, 'fsdfsd', NULL, '2019-11-20 10:44:54', NULL),
(253, 299, NULL, 25, 'gggggg', NULL, '2019-11-20 10:45:01', NULL),
(254, 300, NULL, 25, 'sdsd', NULL, '2019-11-20 10:50:23', NULL),
(255, 301, NULL, 25, 'dsd', NULL, '2019-11-20 10:50:40', NULL),
(257, 305, NULL, 25, 'gggggg', NULL, '2019-11-20 10:51:38', NULL),
(258, 306, NULL, 25, 'fgdf', NULL, '2019-11-20 11:17:33', NULL),
(264, 307, NULL, 25, 'nnnndd', NULL, '2019-11-20 12:02:45', NULL),
(262, 308, NULL, 25, 'sds', NULL, '2019-11-20 11:41:56', NULL),
(265, 309, NULL, 25, 'sdsdd', NULL, '2019-11-20 12:03:02', NULL),
(331, 310, '1201', 25, 'sdsds', 'dsd', '2019-11-20 12:55:54', '2019-11-20 03:36:35'),
(267, 311, NULL, 25, 'sdsds', NULL, '2019-11-20 12:11:15', NULL),
(268, 312, NULL, 25, 'nnnndd', NULL, '2019-11-20 12:11:24', NULL),
(269, 313, NULL, 25, 'sdsdd', NULL, '2019-11-20 12:11:31', NULL),
(270, 315, NULL, 25, 'test', NULL, '2019-11-20 12:24:05', NULL),
(271, 316, NULL, 25, 'weekly', 'czxzcxz', '2019-11-20 12:26:07', '2019-11-20 04:06:33'),
(320, 317, '1198', 25, 'hhhh', '', '2019-11-20 12:55:21', '2019-11-20 02:41:14'),
(319, 317, '1198', 25, 'gggg', '', '2019-11-20 12:55:21', '2019-11-20 02:41:14'),
(318, 317, '1198', 25, 'our ques', '', '2019-11-20 12:55:21', '2019-11-20 02:41:14'),
(317, 317, '1198', 25, 'your ques', 'hj', '2019-11-20 12:55:21', '2019-11-20 02:41:14'),
(316, 317, '1198', 25, 'my ques', 'hjg', '2019-11-20 12:55:21', '2019-11-20 02:41:14'),
(315, 317, '1197', 25, 'hhhh', '', '2019-11-20 12:55:21', '2019-11-20 04:05:05'),
(314, 317, '1197', 25, 'gggg', '', '2019-11-20 12:55:21', '2019-11-20 04:05:05'),
(313, 317, '1197', 25, 'our ques', '', '2019-11-20 12:55:21', '2019-11-20 04:05:05'),
(312, 317, '1197', 25, 'your ques', 'fsd', '2019-11-20 12:55:21', '2019-11-20 04:05:05'),
(311, 317, '1197', 25, 'my ques', 'dsfsd', '2019-11-20 12:55:21', '2019-11-20 04:05:05'),
(310, 317, '1196', 25, 'hhhh', 'sdf', '2019-11-20 12:55:21', '2019-11-20 02:47:15'),
(309, 317, '1196', 25, 'gggg', 'fsdf', '2019-11-20 12:55:21', '2019-11-20 02:47:15'),
(308, 317, '1196', 25, 'our ques', 'sdfsd', '2019-11-20 12:55:21', '2019-11-20 02:47:15'),
(307, 317, '1196', 25, 'your ques', 'sdf', '2019-11-20 12:55:21', '2019-11-20 02:47:15'),
(306, 317, '1196', 25, 'my ques', 'sdf', '2019-11-20 12:55:21', '2019-11-20 02:47:15'),
(321, 317, '1199', 25, 'my ques', 'dfd', '2019-11-20 12:55:21', '2019-11-20 04:10:12'),
(322, 317, '1199', 25, 'your ques', 'fdf', '2019-11-20 12:55:21', '2019-11-20 04:10:12'),
(323, 317, '1199', 25, 'our ques', 'dfd', '2019-11-20 12:55:21', '2019-11-20 04:10:12'),
(324, 317, '1199', 25, 'gggg', 'fdf', '2019-11-20 12:55:21', '2019-11-20 04:10:12'),
(325, 317, '1199', 25, 'hhhh', 'df', '2019-11-20 12:55:21', '2019-11-20 04:10:12'),
(326, 317, '1200', 25, 'my ques', 'ssd', '2019-11-20 12:55:21', '2019-11-20 02:43:39'),
(327, 317, '1200', 25, 'your ques', '', '2019-11-20 12:55:21', '2019-11-20 02:43:39'),
(328, 317, '1200', 25, 'our ques', '', '2019-11-20 12:55:21', '2019-11-20 02:43:39'),
(329, 317, '1200', 25, 'gggg', '', '2019-11-20 12:55:21', '2019-11-20 02:43:39'),
(330, 317, '1200', 25, 'hhhh', '', '2019-11-20 12:55:21', '2019-11-20 02:43:39'),
(332, 310, '1202', 25, 'sdsds', 'khjk', '2019-11-20 12:55:54', '2019-11-20 02:47:37'),
(333, 310, '1203', 25, 'sdsds', 'dfd', '2019-11-20 12:55:54', '2019-11-20 04:09:43'),
(334, 310, '1204', 25, 'sdsds', 'sdsd', '2019-11-20 12:55:54', '2019-11-20 04:06:15'),
(348, 319, NULL, 25, 'test', 'test2', '2019-11-20 04:13:35', '2019-11-20 04:16:23'),
(347, 319, NULL, 25, 'test', 'test1', '2019-11-20 04:13:35', '2019-11-20 04:16:23'),
(337, 320, NULL, 25, 'test1', 'test1', '2019-11-20 04:12:19', '2019-11-20 04:16:01'),
(338, 320, NULL, 25, 'test2', 'test2', '2019-11-20 04:12:19', '2019-11-20 04:16:01'),
(360, 321, '1230', 25, 'test2', 'test12', '2019-11-20 04:14:07', '2019-11-20 04:17:03'),
(359, 321, '1230', 25, 'test1', 'test11', '2019-11-20 04:14:07', '2019-11-20 04:17:03'),
(358, 321, '1229', 25, 'test2', 'test12', '2019-11-20 04:14:07', '2019-11-20 04:16:51'),
(357, 321, '1229', 25, 'test1', 'test1', '2019-11-20 04:14:07', '2019-11-20 04:16:51'),
(356, 321, '1228', 25, 'test2', 'test2', '2019-11-20 04:14:07', '2019-11-20 04:16:38'),
(355, 321, '1228', 25, 'test1', 'test1', '2019-11-20 04:14:07', '2019-11-20 04:16:38'),
(361, 321, '1231', 25, 'test1', 'test2', '2019-11-20 04:14:07', '2019-11-20 04:17:17'),
(362, 321, '1231', 25, 'test2', 'test33', '2019-11-20 04:14:07', '2019-11-20 04:17:17'),
(437, 326, '1338', 25, 'tester3', NULL, '2019-11-21 09:44:25', NULL),
(436, 326, '1338', 25, 'tester2', NULL, '2019-11-21 09:44:25', NULL),
(435, 326, '1337', 25, 'tester3', NULL, '2019-11-21 09:44:25', NULL),
(434, 326, '1337', 25, 'tester2', NULL, '2019-11-21 09:44:25', NULL),
(433, 326, '1336', 25, 'tester3', NULL, '2019-11-21 09:44:25', NULL),
(432, 326, '1336', 25, 'tester2', NULL, '2019-11-21 09:44:25', NULL),
(388, 328, '1261', 25, 'test2 vvv11', NULL, '2019-11-20 04:39:13', NULL),
(387, 328, '1261', 25, 'test1 vvv11', NULL, '2019-11-20 04:39:13', NULL),
(386, 328, '1260', 25, 'test2 vvv11', NULL, '2019-11-20 04:39:13', NULL),
(385, 328, '1260', 25, 'test1 vvv11', NULL, '2019-11-20 04:39:13', NULL),
(389, 328, '1262', 25, 'test1 vvv11', NULL, '2019-11-20 04:39:13', NULL),
(390, 328, '1262', 25, 'test2 vvv11', NULL, '2019-11-20 04:39:13', NULL),
(391, 328, '1263', 25, 'test1 vvv11', NULL, '2019-11-20 04:39:13', NULL),
(392, 328, '1263', 25, 'test2 vvv11', NULL, '2019-11-20 04:39:13', NULL),
(393, 329, '1264', 25, 'dfdf', 'lll', '2019-11-20 04:46:25', '2019-11-20 04:46:34'),
(394, 276, '1293', 9, 'how much did you drink?', NULL, '2019-11-20 09:00:12', NULL),
(395, 276, '1293', 9, 'Where did you drink?', NULL, '2019-11-20 09:00:12', NULL),
(396, 344, '1305', 9, 'how much did you drink?', NULL, '2019-11-20 09:13:46', NULL),
(397, 344, '1305', 9, 'Where did you drink?', NULL, '2019-11-20 09:13:46', NULL),
(398, 345, NULL, 9, 'what did you fry?', 'fish', '2019-11-20 09:13:52', '2019-11-26 12:10:17'),
(410, 341, '1315', 9, 'What did you eat?', NULL, '2019-11-20 09:15:25', NULL),
(409, 341, '1315', 9, 'Where did you eat?', NULL, '2019-11-20 09:15:25', NULL),
(408, 341, '1314', 9, 'What did you eat?', NULL, '2019-11-20 09:15:25', NULL),
(407, 341, '1314', 9, 'Where did you eat?', NULL, '2019-11-20 09:15:25', NULL),
(406, 341, '1313', 9, 'What did you eat?', 'chili', '2019-11-20 09:15:25', '2019-11-26 12:10:06'),
(405, 341, '1313', 9, 'Where did you eat?', 'chilis', '2019-11-20 09:15:25', '2019-11-26 12:10:06'),
(411, 346, '1316', 9, 'how much did you drink?', NULL, '2019-11-20 09:18:28', NULL),
(412, 346, '1316', 9, 'Where did you drink?', NULL, '2019-11-20 09:18:28', NULL),
(413, 347, NULL, 9, 'what did you fry?', NULL, '2019-11-20 09:18:37', NULL),
(414, 348, '1318', 9, 'Where did you eat?', NULL, '2019-11-20 09:19:58', NULL),
(415, 348, '1318', 9, 'What did you eat?', NULL, '2019-11-20 09:19:58', NULL),
(416, 348, '1319', 9, 'Where did you eat?', NULL, '2019-11-20 09:19:58', NULL),
(417, 348, '1319', 9, 'What did you eat?', NULL, '2019-11-20 09:19:58', NULL),
(418, 348, '1320', 9, 'Where did you eat?', NULL, '2019-11-20 09:19:58', NULL),
(419, 348, '1320', 9, 'What did you eat?', NULL, '2019-11-20 09:19:58', NULL),
(420, 349, '1321', 25, 'dfdsfsd', NULL, '2019-11-21 09:29:41', NULL),
(421, 349, '1322', 25, 'dfdsfsd', NULL, '2019-11-21 09:29:41', NULL),
(422, 349, '1323', 25, 'dfdsfsd', 'kkkk', '2019-11-21 09:29:41', '2019-11-21 09:30:11'),
(423, 349, '1324', 25, 'dfdsfsd', NULL, '2019-11-21 09:29:41', NULL),
(424, 349, '1325', 25, 'dfdsfsd', NULL, '2019-11-21 09:29:41', NULL),
(425, 350, NULL, 25, 'dsfsd', 'dhdh', '2019-11-21 09:36:16', '2019-11-21 09:38:33'),
(426, 350, NULL, 25, 'fsdf', 'fdhdf', '2019-11-21 09:36:16', '2019-11-21 09:38:33'),
(427, 351, NULL, 25, 'fsdf', 'dfdfd', '2019-11-21 09:38:53', '2019-11-21 09:39:08'),
(428, 351, NULL, 25, 'fsdfsd', 'fdfd', '2019-11-21 09:38:53', '2019-11-21 09:39:08'),
(429, 352, NULL, 25, 'fd', NULL, '2019-11-21 09:39:31', NULL),
(430, 352, NULL, 25, 'fdfd', NULL, '2019-11-21 09:39:31', NULL),
(431, 353, NULL, 25, 'fdf', NULL, '2019-11-21 09:44:16', NULL),
(438, 355, NULL, 25, 'sfdsf', NULL, '2019-11-21 11:04:59', NULL),
(439, 356, '1347', 25, 'dfdgdf', 'dsfsdf', '2019-11-21 11:05:28', '2019-11-21 11:05:42'),
(440, 356, '1347', 25, 'fdgdf', 'sdfsdf', '2019-11-21 11:05:28', '2019-11-21 11:05:42'),
(441, 356, '1348', 25, 'dfdgdf', 'kjkljk', '2019-11-21 11:05:28', '2019-11-21 11:05:53'),
(442, 356, '1348', 25, 'fdgdf', 'jkljk', '2019-11-21 11:05:28', '2019-11-21 11:05:53'),
(443, 356, '1349', 25, 'dfdgdf', NULL, '2019-11-21 11:05:28', NULL),
(444, 356, '1349', 25, 'fdgdf', NULL, '2019-11-21 11:05:28', NULL),
(445, 357, NULL, 25, 'sfdsf', 'sds', '2019-11-21 11:10:52', '2019-11-21 11:38:39'),
(446, 357, NULL, 25, 'seeds', 'sds', '2019-11-21 11:10:52', '2019-11-21 11:38:39'),
(447, 358, '1351', 25, 'dfdgdf', NULL, '2019-11-21 11:19:57', NULL),
(448, 358, '1351', 25, 'fdgdf', NULL, '2019-11-21 11:19:57', NULL),
(449, 358, '1351', 25, 'sdsdsd', NULL, '2019-11-21 11:19:57', NULL),
(450, 358, '1352', 25, 'dfdgdf', NULL, '2019-11-21 11:19:57', NULL),
(451, 358, '1352', 25, 'fdgdf', NULL, '2019-11-21 11:19:57', NULL),
(452, 358, '1352', 25, 'sdsdsd', NULL, '2019-11-21 11:19:57', NULL),
(453, 358, '1353', 25, 'dfdgdf', NULL, '2019-11-21 11:19:57', NULL),
(454, 358, '1353', 25, 'fdgdf', NULL, '2019-11-21 11:19:57', NULL),
(455, 358, '1353', 25, 'sdsdsd', NULL, '2019-11-21 11:19:57', NULL),
(456, 359, NULL, 25, 'seeds', NULL, '2019-11-21 11:20:18', NULL),
(457, 360, '1355', 25, 'dfdf', NULL, '2019-11-21 11:39:10', NULL),
(458, 360, '1356', 25, 'dfdf', 'dfdf', '2019-11-21 11:39:10', '2019-11-21 11:39:21'),
(459, 360, '1357', 25, 'dfdf', NULL, '2019-11-21 11:39:10', NULL),
(460, 360, '1358', 25, 'dfdf', NULL, '2019-11-21 11:39:10', NULL),
(461, 360, '1359', 25, 'dfdf', NULL, '2019-11-21 11:39:10', NULL),
(568, 367, '1390', 25, '33', NULL, '2019-11-21 12:04:05', NULL),
(567, 367, '1390', 25, '22', NULL, '2019-11-21 12:04:05', NULL),
(566, 367, '1390', 25, '11', NULL, '2019-11-21 12:04:05', NULL),
(565, 367, '1389', 25, '33', NULL, '2019-11-21 12:04:05', NULL),
(564, 367, '1389', 25, '22', NULL, '2019-11-21 12:04:05', NULL),
(563, 367, '1389', 25, '11', NULL, '2019-11-21 12:04:05', NULL),
(562, 367, '1388', 25, '33', NULL, '2019-11-21 12:04:05', NULL),
(561, 367, '1388', 25, '22', NULL, '2019-11-21 12:04:05', NULL),
(560, 367, '1388', 25, '11', NULL, '2019-11-21 12:04:05', NULL),
(559, 366, '1387', 25, '33', NULL, '2019-11-21 12:03:41', NULL),
(558, 366, '1387', 25, '22', NULL, '2019-11-21 12:03:41', NULL),
(557, 366, '1387', 25, '11', NULL, '2019-11-21 12:03:41', NULL),
(556, 366, '1386', 25, '33', NULL, '2019-11-21 12:03:41', NULL),
(555, 366, '1386', 25, '22', NULL, '2019-11-21 12:03:41', NULL),
(554, 366, '1386', 25, '11', NULL, '2019-11-21 12:03:41', NULL),
(553, 366, '1385', 25, '33', NULL, '2019-11-21 12:03:41', NULL),
(552, 366, '1385', 25, '22', NULL, '2019-11-21 12:03:41', NULL),
(551, 366, '1385', 25, '11', NULL, '2019-11-21 12:03:41', NULL),
(550, 362, '1381', 25, '33', NULL, '2019-11-21 12:02:54', NULL),
(549, 362, '1381', 25, '22', NULL, '2019-11-21 12:02:54', NULL),
(548, 362, '1381', 25, '11', NULL, '2019-11-21 12:02:54', NULL),
(547, 362, '1380', 25, '33', NULL, '2019-11-21 12:02:54', NULL),
(546, 362, '1380', 25, '22', NULL, '2019-11-21 12:02:54', NULL),
(545, 362, '1380', 25, '11', NULL, '2019-11-21 12:02:54', NULL),
(544, 362, '1379', 25, '33', NULL, '2019-11-21 12:02:54', NULL),
(543, 362, '1379', 25, '22', NULL, '2019-11-21 12:02:54', NULL),
(542, 362, '1379', 25, '11', NULL, '2019-11-21 12:02:54', NULL),
(541, 363, '1377', 25, 'dfdf5', NULL, '2019-11-21 11:59:56', NULL),
(540, 363, '1377', 25, 'dfdf4', NULL, '2019-11-21 11:59:56', NULL),
(539, 363, '1377', 25, 'dfd3', NULL, '2019-11-21 11:59:56', NULL),
(538, 363, '1377', 25, 'dfdf2', NULL, '2019-11-21 11:59:56', NULL),
(537, 363, '1377', 25, 'dfdf1', NULL, '2019-11-21 11:59:56', NULL),
(536, 363, '1376', 25, 'dfdf5', NULL, '2019-11-21 11:59:56', NULL),
(535, 363, '1376', 25, 'dfdf4', NULL, '2019-11-21 11:59:56', NULL),
(534, 363, '1376', 25, 'dfd3', NULL, '2019-11-21 11:59:56', NULL),
(533, 363, '1376', 25, 'dfdf2', NULL, '2019-11-21 11:59:56', NULL),
(532, 363, '1376', 25, 'dfdf1', NULL, '2019-11-21 11:59:56', NULL),
(531, 363, '1375', 25, 'dfdf5', NULL, '2019-11-21 11:59:56', NULL),
(530, 363, '1375', 25, 'dfdf4', NULL, '2019-11-21 11:59:56', NULL),
(529, 363, '1375', 25, 'dfd3', NULL, '2019-11-21 11:59:56', NULL),
(528, 363, '1375', 25, 'dfdf2', NULL, '2019-11-21 11:59:56', NULL),
(527, 363, '1375', 25, 'dfdf1', NULL, '2019-11-21 11:59:56', NULL),
(526, 363, '1374', 25, 'dfdf5', NULL, '2019-11-21 11:59:56', NULL),
(525, 363, '1374', 25, 'dfdf4', NULL, '2019-11-21 11:59:56', NULL),
(524, 363, '1374', 25, 'dfd3', NULL, '2019-11-21 11:59:56', NULL),
(523, 363, '1374', 25, 'dfdf2', NULL, '2019-11-21 11:59:56', NULL),
(522, 363, '1374', 25, 'dfdf1', NULL, '2019-11-21 11:59:56', NULL),
(521, 363, '1373', 25, 'dfdf5', NULL, '2019-11-21 11:59:56', NULL),
(520, 363, '1373', 25, 'dfdf4', NULL, '2019-11-21 11:59:56', NULL),
(519, 363, '1373', 25, 'dfd3', NULL, '2019-11-21 11:59:56', NULL),
(518, 363, '1373', 25, 'dfdf2', NULL, '2019-11-21 11:59:56', NULL),
(517, 363, '1373', 25, 'dfdf1', NULL, '2019-11-21 11:59:56', NULL),
(514, 364, NULL, 25, 'sfdsf', 'ffgfg', '2019-11-21 11:50:51', '2019-11-21 12:35:53'),
(515, 364, NULL, 25, 'seeds', 'f', '2019-11-21 11:50:51', '2019-11-21 12:35:53'),
(516, 365, NULL, 25, 'seeds', NULL, '2019-11-21 11:50:58', NULL),
(569, 368, '1391', 25, '22', 'dsdf', '2019-11-21 12:04:33', '2019-11-21 12:45:23'),
(570, 368, '1391', 25, '33', 'sdf', '2019-11-21 12:04:33', '2019-11-21 12:45:23'),
(571, 368, '1391', 25, '44', 'sdf', '2019-11-21 12:04:33', '2019-11-21 12:45:23'),
(572, 368, '1392', 25, '22', NULL, '2019-11-21 12:04:33', NULL),
(573, 368, '1392', 25, '33', NULL, '2019-11-21 12:04:33', NULL),
(574, 368, '1392', 25, '44', NULL, '2019-11-21 12:04:33', NULL),
(575, 368, '1393', 25, '22', NULL, '2019-11-21 12:04:33', NULL),
(576, 368, '1393', 25, '33', NULL, '2019-11-21 12:04:33', NULL),
(577, 368, '1393', 25, '44', NULL, '2019-11-21 12:04:33', NULL),
(632, 380, '1496', 25, 'sdsd', NULL, '2019-11-25 11:41:14', NULL),
(579, 370, NULL, 25, 'sdfds', NULL, '2019-11-21 12:24:35', NULL),
(580, 371, NULL, 25, 'dsf', 'g', '2019-11-21 12:32:14', '2019-11-21 12:32:21'),
(581, 371, NULL, 25, 'sdf', 'dgfgd', '2019-11-21 12:32:14', '2019-11-21 12:32:21'),
(582, 372, '1415', 25, '22', NULL, '2019-11-21 12:37:49', NULL),
(583, 372, '1415', 25, '33', NULL, '2019-11-21 12:37:49', NULL),
(584, 372, '1415', 25, '44', NULL, '2019-11-21 12:37:49', NULL),
(585, 372, '1416', 25, '22', NULL, '2019-11-21 12:37:49', NULL),
(586, 372, '1416', 25, '33', NULL, '2019-11-21 12:37:49', NULL),
(587, 372, '1416', 25, '44', NULL, '2019-11-21 12:37:49', NULL),
(588, 372, '1417', 25, '22', NULL, '2019-11-21 12:37:49', NULL),
(589, 372, '1417', 25, '33', NULL, '2019-11-21 12:37:49', NULL),
(590, 372, '1417', 25, '44', NULL, '2019-11-21 12:37:49', NULL),
(591, 373, '1418', 25, 'dfgdf', NULL, '2019-11-21 12:38:06', NULL),
(592, 373, '1419', 25, 'dfgdf', NULL, '2019-11-21 12:38:06', NULL),
(599, 374, NULL, 25, 'dfgdf', NULL, '2019-11-22 09:31:39', NULL),
(602, 375, NULL, 25, 'khjkjh', NULL, '2019-11-22 09:32:26', NULL),
(622, 377, '1477', 25, 'aasdas', NULL, '2019-11-22 09:47:40', NULL),
(621, 377, '1476', 25, 'aasdas', NULL, '2019-11-22 09:47:40', NULL),
(620, 377, '1475', 25, 'aasdas', NULL, '2019-11-22 09:47:40', NULL),
(619, 377, '1474', 25, 'aasdas', NULL, '2019-11-22 09:47:40', NULL),
(618, 377, '1473', 25, 'aasdas', NULL, '2019-11-22 09:47:40', NULL),
(617, 378, '1472', 25, 'sfsdf', NULL, '2019-11-22 09:47:27', NULL),
(616, 378, '1471', 25, 'sfsdf', NULL, '2019-11-22 09:47:27', NULL),
(615, 378, '1470', 25, 'sfsdf', NULL, '2019-11-22 09:47:27', NULL),
(614, 378, '1469', 25, 'sfsdf', NULL, '2019-11-22 09:47:27', NULL),
(613, 378, '1468', 25, 'sfsdf', NULL, '2019-11-22 09:47:27', NULL),
(631, 380, '1495', 25, 'sdsd', NULL, '2019-11-25 11:41:14', NULL),
(630, 380, '1494', 25, 'sdsd', NULL, '2019-11-25 11:41:14', NULL),
(629, 380, '1493', 25, 'sdsd', NULL, '2019-11-25 11:41:14', NULL),
(628, 380, '1492', 25, 'sdsd', NULL, '2019-11-25 11:41:14', NULL),
(633, 381, '1497', 25, 'klklj', NULL, '2019-11-25 11:42:00', NULL),
(634, 381, '1498', 25, 'klklj', NULL, '2019-11-25 11:42:00', NULL),
(635, 381, '1499', 25, 'klklj', NULL, '2019-11-25 11:42:00', NULL),
(636, 381, '1500', 25, 'klklj', NULL, '2019-11-25 11:42:00', NULL),
(637, 381, '1501', 25, 'klklj', NULL, '2019-11-25 11:42:00', NULL),
(653, 382, NULL, 25, 'dsds', NULL, '2019-11-25 01:11:26', NULL),
(639, 383, '1503', 25, 'dsds', 'test', '2019-11-25 12:19:57', '2019-12-04 05:39:03'),
(640, 383, '1504', 25, 'dsds', NULL, '2019-11-25 12:19:57', NULL),
(641, 383, '1505', 25, 'dsds', NULL, '2019-11-25 12:19:57', NULL),
(642, 383, '1506', 25, 'dsds', 'test', '2019-11-25 12:19:57', '2019-12-05 12:59:57'),
(643, 383, '1507', 25, 'dsds', NULL, '2019-11-25 12:19:57', NULL),
(644, 384, NULL, 25, 'sds', NULL, '2019-11-25 12:20:36', NULL),
(647, 385, NULL, 25, 'sdfsd', NULL, '2019-11-25 12:53:44', NULL),
(648, 386, '1518', 25, 'dfsdf', NULL, '2019-11-25 12:54:42', NULL),
(649, 386, '1519', 25, 'dfsdf', NULL, '2019-11-25 12:54:42', NULL),
(650, 386, '1520', 25, 'dfsdf', NULL, '2019-11-25 12:54:42', NULL),
(651, 386, '1521', 25, 'dfsdf', NULL, '2019-11-25 12:54:42', NULL),
(652, 387, NULL, 25, 'kl;kl', NULL, '2019-11-25 12:55:24', NULL),
(654, 382, NULL, 25, 'dsd', NULL, '2019-11-25 01:11:26', NULL),
(655, 391, NULL, 2, 'What s your action?', NULL, '2019-12-03 10:58:52', NULL),
(656, 393, '1542', 28, 'where?', 'dennys', '2019-12-03 11:08:38', '2019-12-03 11:09:07'),
(657, 393, '1542', 28, 'when?', '8am', '2019-12-03 11:08:38', '2019-12-03 11:09:07'),
(658, 393, '1542', 28, 'how much?', 'a lot', '2019-12-03 11:08:38', '2019-12-03 11:09:07'),
(659, 393, '1543', 28, 'where?', NULL, '2019-12-03 11:08:38', NULL),
(660, 393, '1543', 28, 'when?', NULL, '2019-12-03 11:08:38', NULL),
(661, 393, '1543', 28, 'how much?', NULL, '2019-12-03 11:08:38', NULL),
(662, 393, '1544', 28, 'where?', 'the taco truck', '2019-12-03 11:08:38', '2019-12-03 11:09:45'),
(663, 393, '1544', 28, 'when?', 'now', '2019-12-03 11:08:38', '2019-12-03 11:09:45'),
(664, 393, '1544', 28, 'how much?', '5 tacos', '2019-12-03 11:08:38', '2019-12-03 11:09:45'),
(665, 394, '1545', 25, 'dsds', NULL, '2019-12-04 05:38:37', NULL),
(666, 394, '1546', 25, 'dsds', NULL, '2019-12-04 05:38:37', NULL),
(667, 394, '1547', 25, 'dsds', NULL, '2019-12-04 05:38:37', NULL),
(668, 394, '1548', 25, 'dsds', NULL, '2019-12-04 05:38:37', NULL),
(669, 394, '1549', 25, 'dsds', NULL, '2019-12-04 05:38:37', NULL),
(805, 402, '1545', 25, 'ssss', NULL, '2019-12-05 06:35:50', NULL),
(806, 402, '1545', 25, 'aaaa', NULL, '2019-12-05 06:35:50', NULL);

-- --------------------------------------------------------

--
-- Table structure for table `ala_action_reminders`
--

CREATE TABLE `ala_action_reminders` (
  `id` int(11) NOT NULL,
  `action_id` int(11) NOT NULL,
  `dayname` varchar(30) DEFAULT NULL,
  `day_selected` varchar(5) NOT NULL DEFAULT '0',
  `daycheck` varchar(5) NOT NULL DEFAULT '0',
  `date` date DEFAULT NULL,
  `time` time DEFAULT NULL,
  `status` tinyint(1) NOT NULL DEFAULT '1',
  `cron_added` varchar(5) NOT NULL DEFAULT '0',
  `is_finished` varchar(10) DEFAULT NULL,
  `created_at` datetime NOT NULL,
  `updated_at` datetime NOT NULL
) ENGINE=InnoDB DEFAULT CHARSET=latin1;

--
-- Dumping data for table `ala_action_reminders`
--

INSERT INTO `ala_action_reminders` (`id`, `action_id`, `dayname`, `day_selected`, `daycheck`, `date`, `time`, `status`, `cron_added`, `is_finished`, `created_at`, `updated_at`) VALUES
(1, 1, NULL, '0', '0', NULL, '00:29:00', 1, '0', NULL, '2019-05-29 00:29:48', '2019-05-29 00:29:48'),
(2, 1, NULL, '0', '0', NULL, '03:20:00', 1, '0', NULL, '2019-05-29 00:29:48', '2019-05-29 00:29:48'),
(3, 1, NULL, '0', '0', NULL, '04:30:00', 1, '0', NULL, '2019-05-29 00:29:48', '2019-05-29 00:29:48'),
(68, 2, NULL, '0', '0', NULL, '23:24:00', 1, '0', NULL, '2019-05-31 23:24:45', '2019-05-31 23:24:45'),
(69, 2, NULL, '0', '0', NULL, '23:24:00', 1, '0', NULL, '2019-05-31 23:24:45', '2019-05-31 23:24:45'),
(70, 2, NULL, '0', '0', NULL, '23:24:00', 1, '0', NULL, '2019-05-31 23:24:45', '2019-05-31 23:24:45'),
(71, 2, NULL, '0', '0', NULL, '23:24:00', 1, '0', NULL, '2019-05-31 23:24:45', '2019-05-31 23:24:45'),
(72, 2, NULL, '0', '0', NULL, '23:24:00', 1, '0', NULL, '2019-05-31 23:24:45', '2019-05-31 23:24:45'),
(73, 3, NULL, '0', '0', '2019-06-12', '23:16:00', 1, '0', NULL, '2019-06-12 23:16:45', '2019-06-12 23:16:45'),
(74, 4, NULL, '0', '0', '2019-10-30', '15:16:00', 1, '0', NULL, '2019-10-29 15:16:42', '2019-10-29 15:16:42'),
(78, 5, NULL, '0', '0', NULL, '15:17:00', 1, '0', NULL, '2019-10-29 18:52:12', '2019-10-29 18:52:12'),
(83, 9, NULL, '0', '0', '2019-10-30', '03:53:00', 1, '0', NULL, '2019-10-30 12:54:14', '2019-10-30 12:54:14'),
(84, 10, NULL, '0', '0', NULL, '12:56:00', 1, '0', NULL, '2019-10-30 12:56:47', '2019-10-30 12:56:47'),
(85, 10, NULL, '0', '0', NULL, '12:56:00', 1, '0', NULL, '2019-10-30 12:56:47', '2019-10-30 12:56:47'),
(86, 10, NULL, '0', '0', NULL, '12:56:00', 1, '0', NULL, '2019-10-30 12:56:47', '2019-10-30 12:56:47'),
(87, 10, NULL, '0', '0', NULL, '12:56:00', 1, '0', NULL, '2019-10-30 12:56:47', '2019-10-30 12:56:47'),
(88, 10, NULL, '0', '0', NULL, '12:56:00', 1, '0', NULL, '2019-10-30 12:56:47', '2019-10-30 12:56:47'),
(89, 11, NULL, '0', '0', '2019-10-30', '12:57:00', 1, '0', NULL, '2019-10-30 12:58:00', '2019-10-30 12:58:00'),
(92, 12, NULL, '0', '0', '2019-10-30', '13:06:00', 1, '0', NULL, '2019-10-30 13:06:39', '2019-10-30 13:06:39'),
(93, 13, NULL, '0', '0', '2019-10-30', '13:06:00', 1, '0', NULL, '2019-10-30 13:06:57', '2019-10-30 13:06:57'),
(94, 14, NULL, '0', '0', '2019-10-30', '15:08:00', 1, '0', NULL, '2019-10-30 15:09:02', '2019-10-30 15:09:02'),
(95, 15, NULL, '0', '0', '2019-10-31', '15:10:00', 1, '0', NULL, '2019-10-30 15:10:30', '2019-10-30 15:10:30'),
(97, 17, NULL, '0', '0', '2019-10-30', '15:41:00', 1, '0', NULL, '2019-10-30 15:41:11', '2019-10-30 15:41:11'),
(98, 18, NULL, '0', '0', '2019-10-30', '21:58:00', 1, '0', NULL, '2019-10-30 21:58:10', '2019-10-30 21:58:10'),
(99, 19, NULL, '0', '0', '2019-10-31', '15:19:00', 1, '0', NULL, '2019-10-31 15:20:10', '2019-10-31 15:20:10'),
(100, 20, NULL, '0', '0', '2019-10-31', '15:22:00', 1, '0', NULL, '2019-10-31 15:23:03', '2019-10-31 15:23:03'),
(101, 21, NULL, '0', '0', '2019-10-31', '15:31:00', 1, '0', NULL, '2019-10-31 15:32:09', '2019-10-31 15:32:09'),
(105, 24, NULL, '0', '0', NULL, '15:46:00', 1, '0', NULL, '2019-10-31 15:46:36', '2019-10-31 15:46:36'),
(106, 25, NULL, '0', '0', '2019-10-31', '15:47:00', 1, '0', NULL, '2019-10-31 15:47:11', '2019-10-31 15:47:11'),
(107, 26, NULL, '0', '0', '2019-10-31', '17:00:00', 1, '0', NULL, '2019-10-31 17:00:32', '2019-10-31 17:00:32'),
(108, 27, NULL, '0', '0', '2019-10-31', '17:00:00', 1, '0', NULL, '2019-10-31 17:00:43', '2019-10-31 17:00:43'),
(109, 28, NULL, '0', '0', NULL, '17:00:00', 1, '0', NULL, '2019-10-31 17:00:57', '2019-10-31 17:00:57'),
(110, 28, NULL, '0', '0', NULL, '17:00:00', 1, '0', NULL, '2019-10-31 17:00:57', '2019-10-31 17:00:57'),
(111, 29, NULL, '0', '0', NULL, '17:00:00', 1, '0', NULL, '2019-10-31 17:01:10', '2019-10-31 17:01:10'),
(112, 30, NULL, '0', '0', '2019-10-31', '18:54:00', 1, '0', NULL, '2019-10-31 18:54:59', '2019-10-31 18:54:59'),
(114, 32, NULL, '0', '0', NULL, '21:07:00', 1, '0', NULL, '2019-10-31 21:07:56', '2019-10-31 21:07:56'),
(115, 33, NULL, '0', '0', '2019-11-01', '10:27:00', 1, '0', NULL, '2019-11-01 10:27:40', '2019-11-01 10:27:40'),
(116, 34, NULL, '0', '0', '2019-11-01', '10:28:00', 1, '0', NULL, '2019-11-01 10:28:29', '2019-11-01 10:28:29'),
(117, 35, NULL, '0', '0', '2019-11-01', '10:29:00', 1, '0', NULL, '2019-11-01 10:29:13', '2019-11-01 10:29:13'),
(118, 36, NULL, '0', '0', '2019-11-01', '10:29:00', 1, '0', NULL, '2019-11-01 10:29:31', '2019-11-01 10:29:31'),
(119, 37, NULL, '0', '0', '2019-11-01', '10:57:00', 1, '0', NULL, '2019-11-01 10:57:33', '2019-11-01 10:57:33'),
(120, 38, NULL, '0', '0', '2019-11-01', '10:57:00', 1, '0', NULL, '2019-11-01 10:58:03', '2019-11-01 10:58:03'),
(156, 66, NULL, '0', '0', '2019-11-07', '11:32:00', 1, '0', NULL, '2019-11-07 11:32:58', '2019-11-07 11:32:58'),
(157, 67, NULL, '0', '0', '2019-11-07', '11:38:00', 1, '0', NULL, '2019-11-07 11:39:37', '2019-11-07 11:39:37'),
(160, 69, NULL, '0', '0', '2019-11-07', '11:41:00', 1, '0', NULL, '2019-11-07 11:41:43', '2019-11-07 11:41:43'),
(165, 68, NULL, '0', '0', NULL, '11:40:00', 1, '0', NULL, '2019-11-07 11:51:32', '2019-11-07 11:51:32'),
(166, 68, NULL, '0', '0', NULL, '11:40:00', 1, '0', NULL, '2019-11-07 11:51:32', '2019-11-07 11:51:32'),
(167, 70, NULL, '0', '0', '2019-11-07', '12:29:00', 1, '0', NULL, '2019-11-07 12:29:26', '2019-11-07 12:29:26'),
(168, 71, NULL, '0', '0', '2019-11-07', '14:52:00', 1, '0', NULL, '2019-11-07 14:53:05', '2019-11-07 14:53:05'),
(170, 73, NULL, '0', '0', NULL, '14:54:00', 1, '0', NULL, '2019-11-07 14:54:29', '2019-11-07 14:54:29'),
(174, 74, NULL, '0', '0', '2019-11-07', '15:12:00', 1, '0', NULL, '2019-11-07 15:14:14', '2019-11-07 15:14:14'),
(175, 75, NULL, '0', '0', '2019-11-07', '15:13:00', 1, '0', NULL, '2019-11-07 15:14:25', '2019-11-07 15:14:25'),
(176, 76, NULL, '0', '0', '2019-11-07', '15:27:00', 1, '0', NULL, '2019-11-07 15:27:20', '2019-11-07 15:27:20'),
(177, 77, NULL, '0', '0', NULL, '14:54:00', 1, '0', NULL, '2019-11-07 16:51:08', '2019-11-07 16:51:08'),
(178, 77, NULL, '0', '0', NULL, '16:50:00', 1, '0', NULL, '2019-11-07 16:51:08', '2019-11-07 16:51:08'),
(179, 78, NULL, '0', '0', NULL, '16:55:00', 1, '0', NULL, '2019-11-07 16:55:51', '2019-11-07 16:55:51'),
(180, 78, NULL, '0', '0', NULL, '16:55:00', 1, '0', NULL, '2019-11-07 16:55:51', '2019-11-07 16:55:51'),
(181, 79, NULL, '0', '0', NULL, '14:54:00', 1, '0', NULL, '2019-11-07 16:56:19', '2019-11-07 16:56:19'),
(182, 79, NULL, '0', '0', NULL, '16:55:00', 1, '0', NULL, '2019-11-07 16:56:19', '2019-11-07 16:56:19'),
(183, 80, NULL, '0', '0', '2019-11-07', '14:52:00', 1, '0', NULL, '2019-11-07 16:56:46', '2019-11-07 16:56:46'),
(184, 81, NULL, '0', '0', NULL, '14:54:00', 1, '0', NULL, '2019-11-07 17:07:04', '2019-11-07 17:07:04'),
(189, 86, NULL, '0', '0', NULL, '16:55:00', 1, '0', NULL, '2019-11-07 17:32:14', '2019-11-07 17:32:14'),
(190, 86, NULL, '0', '0', NULL, '16:55:00', 1, '0', NULL, '2019-11-07 17:32:14', '2019-11-07 17:32:14'),
(191, 87, NULL, '0', '0', '2019-11-07', '17:36:00', 1, '0', NULL, '2019-11-07 17:37:06', '2019-11-07 17:37:06'),
(192, 88, NULL, '0', '0', '2019-11-07', '18:04:00', 1, '0', NULL, '2019-11-07 18:04:50', '2019-11-07 18:04:50'),
(193, 89, NULL, '0', '0', NULL, '12:00:00', 1, '0', NULL, '2019-11-08 20:08:25', '2019-11-08 20:08:25'),
(194, 89, NULL, '0', '0', NULL, '01:00:00', 1, '0', NULL, '2019-11-08 20:08:25', '2019-11-08 20:08:25'),
(195, 90, NULL, '0', '0', '2019-11-11', '06:00:00', 1, '0', NULL, '2019-11-08 20:11:06', '2019-11-08 20:11:06'),
(196, 91, NULL, '0', '0', '2019-11-11', '11:04:00', 1, '0', NULL, '2019-11-11 11:05:00', '2019-11-11 11:05:00'),
(197, 92, NULL, '0', '0', NULL, '11:05:00', 1, '0', NULL, '2019-11-11 11:05:43', '2019-11-11 11:05:43'),
(198, 92, NULL, '0', '0', NULL, '03:15:00', 1, '0', NULL, '2019-11-11 11:05:43', '2019-11-11 11:05:43'),
(199, 93, NULL, '0', '0', NULL, '11:05:00', 1, '0', NULL, '2019-11-11 11:17:06', '2019-11-11 11:17:06'),
(200, 93, NULL, '0', '0', NULL, '03:15:00', 1, '0', NULL, '2019-11-11 11:17:06', '2019-11-11 11:17:06'),
(201, 94, NULL, '0', '0', '2019-11-11', '11:19:00', 1, '0', NULL, '2019-11-11 11:19:43', '2019-11-11 11:19:43'),
(202, 95, NULL, '0', '0', '2019-11-11', '11:56:00', 1, '0', NULL, '2019-11-11 11:56:24', '2019-11-11 11:56:24'),
(204, 96, NULL, '0', '0', '2019-11-11', '12:01:00', 1, '0', NULL, '2019-11-11 12:02:08', '2019-11-11 12:02:08'),
(205, 97, NULL, '0', '0', NULL, '12:12:00', 1, '0', NULL, '2019-11-11 12:12:21', '2019-11-11 12:12:21'),
(218, 110, NULL, '0', '0', '2019-11-11', '13:02:00', 1, '0', NULL, '2019-11-11 13:02:52', '2019-11-11 13:02:52'),
(223, 115, NULL, '0', '0', '2019-11-11', '14:28:00', 1, '0', NULL, '2019-11-11 14:28:40', '2019-11-11 14:28:40'),
(224, 116, NULL, '0', '0', '2019-11-11', '14:31:00', 1, '0', NULL, '2019-11-11 14:31:38', '2019-11-11 14:31:38'),
(225, 117, NULL, '0', '0', '2019-11-11', '14:33:00', 1, '0', NULL, '2019-11-11 14:33:52', '2019-11-11 14:33:52'),
(226, 118, NULL, '0', '0', '2019-11-11', '14:34:00', 1, '0', NULL, '2019-11-11 14:34:48', '2019-11-11 14:34:48'),
(228, 120, NULL, '0', '0', NULL, '11:05:00', 1, '0', NULL, '2019-11-11 14:39:37', '2019-11-11 14:39:37'),
(229, 120, NULL, '0', '0', NULL, '03:15:00', 1, '0', NULL, '2019-11-11 14:39:37', '2019-11-11 14:39:37'),
(230, 121, NULL, '0', '0', '2019-11-11', '11:04:00', 1, '0', NULL, '2019-11-11 14:41:47', '2019-11-11 14:41:47'),
(231, 122, NULL, '0', '0', NULL, '11:05:00', 1, '0', NULL, '2019-11-11 14:43:34', '2019-11-11 14:43:34'),
(232, 122, NULL, '0', '0', NULL, '03:15:00', 1, '0', NULL, '2019-11-11 14:43:34', '2019-11-11 14:43:34'),
(233, 123, NULL, '0', '0', '2019-11-11', '11:04:00', 1, '0', NULL, '2019-11-11 14:46:07', '2019-11-11 14:46:07'),
(242, 129, NULL, '0', '0', '2019-11-11', '15:26:00', 1, '0', NULL, '2019-11-11 15:26:36', '2019-11-11 15:26:36'),
(246, 131, NULL, '0', '0', '2019-11-11', '16:13:00', 1, '0', NULL, '2019-11-11 16:13:42', '2019-11-11 16:13:42'),
(247, 132, NULL, '0', '0', '2019-11-11', '18:26:00', 1, '0', NULL, '2019-11-11 18:26:23', '2019-11-11 18:26:23'),
(248, 133, NULL, '0', '0', '2019-11-11', '18:27:00', 1, '0', NULL, '2019-11-11 18:27:47', '2019-11-11 18:27:47'),
(251, 136, NULL, '0', '0', '2019-11-13', '22:14:00', 1, '0', NULL, '2019-11-11 22:14:50', '2019-11-11 22:14:50'),
(252, 137, NULL, '0', '0', '2019-11-14', '22:14:00', 1, '0', NULL, '2019-11-11 22:15:08', '2019-11-11 22:15:08'),
(253, 138, NULL, '0', '0', NULL, '09:00:00', 1, '0', NULL, '2019-11-11 22:16:03', '2019-11-11 22:16:03'),
(254, 138, NULL, '0', '0', NULL, '22:15:00', 1, '0', NULL, '2019-11-11 22:16:03', '2019-11-11 22:16:03'),
(255, 138, NULL, '0', '0', NULL, '22:15:00', 1, '0', NULL, '2019-11-11 22:16:03', '2019-11-11 22:16:03'),
(256, 138, NULL, '0', '0', NULL, '12:00:00', 1, '0', NULL, '2019-11-11 22:16:03', '2019-11-11 22:16:03'),
(257, 139, NULL, '0', '0', NULL, '11:15:00', 1, '0', NULL, '2019-11-11 22:16:54', '2019-11-11 22:16:54'),
(258, 139, NULL, '0', '0', NULL, '11:20:00', 1, '0', NULL, '2019-11-11 22:16:54', '2019-11-11 22:16:54'),
(261, 140, NULL, '0', '0', NULL, '12:00:00', 1, '0', NULL, '2019-11-11 22:17:53', '2019-11-11 22:17:53'),
(262, 140, NULL, '0', '0', NULL, '08:00:00', 1, '0', NULL, '2019-11-11 22:17:53', '2019-11-11 22:17:53'),
(263, 141, NULL, '0', '0', '2019-11-21', '22:14:00', 1, '0', NULL, '2019-11-11 22:24:45', '2019-11-11 22:24:45'),
(264, 142, NULL, '0', '0', '2019-11-20', '22:14:00', 1, '0', NULL, '2019-11-11 22:25:48', '2019-11-11 22:25:48'),
(265, 143, NULL, '0', '0', '2019-11-11', '01:30:00', 1, '0', NULL, '2019-11-12 03:06:30', '2019-11-12 03:06:30'),
(266, 144, NULL, '0', '0', NULL, '11:15:00', 1, '0', NULL, '2019-11-12 03:06:43', '2019-11-12 03:06:43'),
(267, 144, NULL, '0', '0', NULL, '11:20:00', 1, '0', NULL, '2019-11-12 03:06:43', '2019-11-12 03:06:43'),
(268, 145, NULL, '0', '0', NULL, '09:00:00', 1, '0', NULL, '2019-11-12 03:08:42', '2019-11-12 03:08:42'),
(269, 145, NULL, '0', '0', NULL, '22:15:00', 1, '0', NULL, '2019-11-12 03:08:42', '2019-11-12 03:08:42'),
(270, 145, NULL, '0', '0', NULL, '22:15:00', 1, '0', NULL, '2019-11-12 03:08:42', '2019-11-12 03:08:42'),
(271, 145, NULL, '0', '0', NULL, '12:00:00', 1, '0', NULL, '2019-11-12 03:08:42', '2019-11-12 03:08:42'),
(272, 145, NULL, '0', '0', NULL, '18:10:00', 1, '0', NULL, '2019-11-12 03:08:42', '2019-11-12 03:08:42'),
(279, 146, NULL, '0', '0', '2019-11-12', '10:28:00', 1, '0', NULL, '2019-11-12 10:36:07', '2019-11-12 10:36:07'),
(285, 147, NULL, '0', '0', '2019-11-12', '10:42:00', 1, '0', NULL, '2019-11-12 10:43:51', '2019-11-12 10:43:51'),
(286, 148, NULL, '0', '0', '2019-11-12', '10:44:00', 1, '0', NULL, '2019-11-12 10:44:12', '2019-11-12 10:44:12'),
(289, 149, NULL, '0', '0', NULL, '10:44:00', 1, '0', NULL, '2019-11-12 10:44:55', '2019-11-12 10:44:55'),
(290, 149, NULL, '0', '0', NULL, '10:44:00', 1, '0', NULL, '2019-11-12 10:44:55', '2019-11-12 10:44:55'),
(291, 150, NULL, '0', '0', NULL, '10:45:00', 1, '0', NULL, '2019-11-12 10:45:33', '2019-11-12 10:45:33'),
(292, 151, NULL, '0', '0', '2019-11-12', '10:45:00', 1, '0', NULL, '2019-11-12 10:45:47', '2019-11-12 10:45:47'),
(293, 152, NULL, '0', '0', '2019-11-12', '10:45:00', 1, '0', NULL, '2019-11-12 10:46:07', '2019-11-12 10:46:07'),
(301, 158, NULL, '0', '0', NULL, '10:44:00', 1, '0', NULL, '2019-11-12 10:53:53', '2019-11-12 10:53:53'),
(302, 158, NULL, '0', '0', NULL, '10:44:00', 1, '0', NULL, '2019-11-12 10:53:53', '2019-11-12 10:53:53'),
(304, 160, NULL, '0', '0', '2019-11-12', '10:54:00', 1, '0', NULL, '2019-11-12 10:54:14', '2019-11-12 10:54:14'),
(321, 164, NULL, '0', '0', NULL, '01:15:00', 1, '0', NULL, '2019-11-12 14:50:08', '2019-11-12 14:50:08'),
(322, 164, NULL, '0', '0', NULL, '02:30:00', 1, '0', NULL, '2019-11-12 14:50:08', '2019-11-12 14:50:08'),
(323, 164, NULL, '0', '0', NULL, '03:30:00', 1, '0', NULL, '2019-11-12 14:50:08', '2019-11-12 14:50:08'),
(324, 164, NULL, '0', '0', NULL, '04:30:00', 1, '0', NULL, '2019-11-12 14:50:08', '2019-11-12 14:50:08'),
(325, 164, NULL, '0', '0', NULL, '05:30:00', 1, '0', NULL, '2019-11-12 14:50:08', '2019-11-12 14:50:08'),
(326, 165, NULL, '0', '0', '2019-11-12', '02:15:00', 1, '0', NULL, '2019-11-12 14:50:26', '2019-11-12 14:50:26'),
(327, 166, NULL, '0', '0', NULL, '01:30:00', 1, '0', NULL, '2019-11-12 14:50:59', '2019-11-12 14:50:59'),
(328, 166, NULL, '0', '0', NULL, '02:30:00', 1, '0', NULL, '2019-11-12 14:50:59', '2019-11-12 14:50:59'),
(329, 166, NULL, '0', '0', NULL, '03:30:00', 1, '0', NULL, '2019-11-12 14:50:59', '2019-11-12 14:50:59'),
(330, 166, NULL, '0', '0', NULL, '04:30:00', 1, '0', NULL, '2019-11-12 14:50:59', '2019-11-12 14:50:59'),
(331, 166, NULL, '0', '0', NULL, '05:30:00', 1, '0', NULL, '2019-11-12 14:50:59', '2019-11-12 14:50:59'),
(338, 168, NULL, '0', '0', '2019-11-12', '14:15:00', 1, '0', NULL, '2019-11-12 15:36:17', '2019-11-12 15:36:17'),
(346, 169, NULL, '0', '0', NULL, '08:15:00', 1, '0', NULL, '2019-11-12 15:46:48', '2019-11-12 15:46:48'),
(347, 169, NULL, '0', '0', NULL, '14:15:00', 1, '0', NULL, '2019-11-12 15:46:48', '2019-11-12 15:46:48'),
(348, 169, NULL, '0', '0', NULL, '15:46:00', 1, '0', NULL, '2019-11-12 15:46:48', '2019-11-12 15:46:48'),
(349, 169, NULL, '0', '0', NULL, '13:00:00', 1, '0', NULL, '2019-11-12 15:46:48', '2019-11-12 15:46:48'),
(350, 169, NULL, '0', '0', NULL, '20:15:00', 1, '0', NULL, '2019-11-12 15:46:48', '2019-11-12 15:46:48'),
(351, 167, NULL, '0', '0', NULL, '01:00:00', 1, '0', NULL, '2019-11-12 15:47:07', '2019-11-12 15:47:07'),
(352, 167, NULL, '0', '0', NULL, '02:00:00', 1, '0', NULL, '2019-11-12 15:47:07', '2019-11-12 15:47:07'),
(353, 167, NULL, '0', '0', NULL, '03:00:00', 1, '0', NULL, '2019-11-12 15:47:07', '2019-11-12 15:47:07'),
(354, 167, NULL, '0', '0', NULL, '19:15:00', 1, '0', NULL, '2019-11-12 15:47:07', '2019-11-12 15:47:07'),
(355, 167, NULL, '0', '0', NULL, '18:00:00', 1, '0', NULL, '2019-11-12 15:47:07', '2019-11-12 15:47:07'),
(356, 170, NULL, '0', '0', NULL, '10:44:00', 1, '0', NULL, '2019-11-12 15:50:41', '2019-11-12 15:50:41'),
(357, 170, NULL, '0', '0', NULL, '01:00:00', 1, '0', NULL, '2019-11-12 15:50:41', '2019-11-12 15:50:41'),
(358, 170, NULL, '0', '0', NULL, '02:15:00', 1, '0', NULL, '2019-11-12 15:50:41', '2019-11-12 15:50:41'),
(359, 170, NULL, '0', '0', NULL, '14:15:00', 1, '0', NULL, '2019-11-12 15:50:41', '2019-11-12 15:50:41'),
(360, 170, NULL, '0', '0', NULL, '20:15:00', 1, '0', NULL, '2019-11-12 15:50:41', '2019-11-12 15:50:41'),
(361, 171, NULL, '0', '0', NULL, '07:00:00', 1, '0', NULL, '2019-11-12 16:02:45', '2019-11-12 16:02:45'),
(362, 171, NULL, '0', '0', NULL, '02:15:00', 1, '0', NULL, '2019-11-12 16:02:45', '2019-11-12 16:02:45'),
(363, 171, NULL, '0', '0', NULL, '19:15:00', 1, '0', NULL, '2019-11-12 16:02:45', '2019-11-12 16:02:45'),
(364, 171, NULL, '0', '0', NULL, '19:30:00', 1, '0', NULL, '2019-11-12 16:02:45', '2019-11-12 16:02:45'),
(365, 171, NULL, '0', '0', NULL, '22:30:00', 1, '0', NULL, '2019-11-12 16:02:45', '2019-11-12 16:02:45'),
(366, 172, NULL, '0', '0', NULL, '01:00:00', 1, '0', NULL, '2019-11-12 16:04:24', '2019-11-12 16:04:24'),
(367, 172, NULL, '0', '0', NULL, '02:00:00', 1, '0', NULL, '2019-11-12 16:04:24', '2019-11-12 16:04:24'),
(368, 172, NULL, '0', '0', NULL, '03:00:00', 1, '0', NULL, '2019-11-12 16:04:24', '2019-11-12 16:04:24'),
(369, 172, NULL, '0', '0', NULL, '04:00:00', 1, '0', NULL, '2019-11-12 16:04:24', '2019-11-12 16:04:24'),
(370, 172, NULL, '0', '0', NULL, '05:00:00', 1, '0', NULL, '2019-11-12 16:04:24', '2019-11-12 16:04:24'),
(371, 173, NULL, '0', '0', NULL, '08:15:00', 1, '0', NULL, '2019-11-12 16:18:33', '2019-11-12 16:18:33'),
(372, 173, NULL, '0', '0', NULL, '09:15:00', 1, '0', NULL, '2019-11-12 16:18:33', '2019-11-12 16:18:33'),
(376, 174, NULL, '0', '0', NULL, '02:00:00', 1, '0', NULL, '2019-11-12 16:25:18', '2019-11-12 16:25:18'),
(377, 174, NULL, '0', '0', NULL, '03:00:00', 1, '0', NULL, '2019-11-12 16:25:18', '2019-11-12 16:25:18'),
(378, 174, NULL, '0', '0', NULL, '04:00:00', 1, '0', NULL, '2019-11-12 16:25:18', '2019-11-12 16:25:18'),
(379, 174, NULL, '0', '0', NULL, '05:00:00', 1, '0', NULL, '2019-11-12 16:25:18', '2019-11-12 16:25:18'),
(380, 174, NULL, '0', '0', NULL, '06:00:00', 1, '0', NULL, '2019-11-12 16:25:18', '2019-11-12 16:25:18'),
(381, 163, NULL, '0', '0', NULL, '06:05:00', 1, '0', NULL, '2019-11-12 21:32:30', '2019-11-12 21:32:30'),
(382, 163, NULL, '0', '0', NULL, '12:10:00', 1, '0', NULL, '2019-11-12 21:32:30', '2019-11-12 21:32:30'),
(383, 163, NULL, '0', '0', NULL, '19:20:00', 1, '0', NULL, '2019-11-12 21:32:30', '2019-11-12 21:32:30'),
(384, 175, NULL, '0', '0', NULL, '07:15:00', 1, '0', NULL, '2019-11-12 21:57:34', '2019-11-12 21:57:34'),
(385, 175, NULL, '0', '0', NULL, '08:30:00', 1, '0', NULL, '2019-11-12 21:57:34', '2019-11-12 21:57:34'),
(386, 175, NULL, '0', '0', NULL, '13:15:00', 1, '0', NULL, '2019-11-12 21:57:34', '2019-11-12 21:57:34'),
(387, 176, NULL, '0', '0', '2019-11-14', '19:30:00', 1, '0', NULL, '2019-11-12 21:58:32', '2019-11-12 21:58:32'),
(388, 177, NULL, '0', '0', NULL, '01:00:00', 1, '0', NULL, '2019-11-13 09:45:22', '2019-11-13 09:45:22'),
(389, 177, NULL, '0', '0', NULL, '02:00:00', 1, '0', NULL, '2019-11-13 09:45:22', '2019-11-13 09:45:22'),
(390, 177, NULL, '0', '0', NULL, '03:15:00', 1, '0', NULL, '2019-11-13 09:45:22', '2019-11-13 09:45:22'),
(391, 177, NULL, '0', '0', NULL, '04:30:00', 1, '0', NULL, '2019-11-13 09:45:22', '2019-11-13 09:45:22'),
(392, 177, NULL, '0', '0', NULL, '05:30:00', 1, '0', NULL, '2019-11-13 09:45:22', '2019-11-13 09:45:22'),
(393, 178, NULL, '0', '0', '2019-11-13', '15:15:00', 1, '0', NULL, '2019-11-13 10:02:52', '2019-11-13 10:02:52'),
(399, 179, NULL, '0', '0', NULL, '12:00:00', 1, '0', NULL, '2019-11-13 10:16:09', '2019-11-13 10:16:09'),
(400, 179, NULL, '0', '0', NULL, '12:00:00', 1, '0', NULL, '2019-11-13 10:16:09', '2019-11-13 10:16:09'),
(401, 179, NULL, '0', '0', NULL, '01:00:00', 1, '0', NULL, '2019-11-13 10:16:09', '2019-11-13 10:16:09'),
(402, 179, NULL, '0', '0', NULL, '12:15:00', 1, '0', NULL, '2019-11-13 10:16:09', '2019-11-13 10:16:09'),
(403, 179, NULL, '0', '0', NULL, '11:00:00', 1, '0', NULL, '2019-11-13 10:16:09', '2019-11-13 10:16:09'),
(414, 180, NULL, '0', '0', NULL, '10:00:00', 1, '0', NULL, '2019-11-13 10:30:00', '2019-11-13 10:30:00'),
(415, 180, NULL, '0', '0', NULL, '11:00:00', 1, '0', NULL, '2019-11-13 10:30:00', '2019-11-13 10:30:00'),
(416, 180, NULL, '0', '0', NULL, '12:00:00', 1, '0', NULL, '2019-11-13 10:30:00', '2019-11-13 10:30:00'),
(417, 180, NULL, '0', '0', NULL, '13:00:00', 1, '0', NULL, '2019-11-13 10:30:00', '2019-11-13 10:30:00'),
(418, 180, NULL, '0', '0', NULL, '14:00:00', 1, '0', NULL, '2019-11-13 10:30:00', '2019-11-13 10:30:00'),
(421, 181, NULL, '0', '0', '2019-11-13', '00:00:00', 1, '0', NULL, '2019-11-13 10:30:56', '2019-11-13 10:30:56'),
(423, 182, NULL, '0', '0', '2019-11-13', '00:00:00', 1, '0', NULL, '2019-11-13 10:31:49', '2019-11-13 10:31:49'),
(424, 183, NULL, '0', '0', NULL, '12:00:00', 1, '0', NULL, '2019-11-13 10:39:18', '2019-11-13 10:39:18'),
(425, 183, NULL, '0', '0', NULL, '12:00:00', 1, '0', NULL, '2019-11-13 10:39:18', '2019-11-13 10:39:18'),
(426, 183, NULL, '0', '0', NULL, '01:00:00', 1, '0', NULL, '2019-11-13 10:39:18', '2019-11-13 10:39:18'),
(427, 183, NULL, '0', '0', NULL, '02:00:00', 1, '0', NULL, '2019-11-13 10:39:18', '2019-11-13 10:39:18'),
(428, 183, NULL, '0', '0', NULL, '03:00:00', 1, '0', NULL, '2019-11-13 10:39:18', '2019-11-13 10:39:18'),
(429, 184, NULL, '0', '0', NULL, '00:00:00', 1, '0', NULL, '2019-11-13 10:43:22', '2019-11-13 10:43:22'),
(430, 184, NULL, '0', '0', NULL, '12:00:00', 1, '0', NULL, '2019-11-13 10:43:22', '2019-11-13 10:43:22'),
(431, 184, NULL, '0', '0', NULL, '13:00:00', 1, '0', NULL, '2019-11-13 10:43:22', '2019-11-13 10:43:22'),
(432, 184, NULL, '0', '0', NULL, '14:00:00', 1, '0', NULL, '2019-11-13 10:43:22', '2019-11-13 10:43:22'),
(433, 184, NULL, '0', '0', NULL, '15:00:00', 1, '0', NULL, '2019-11-13 10:43:22', '2019-11-13 10:43:22'),
(434, 185, NULL, '0', '0', '2019-11-12', '00:00:00', 1, '0', NULL, '2019-11-13 10:44:51', '2019-11-13 10:44:51'),
(440, 186, NULL, '0', '0', NULL, '12:00:00', 1, '0', NULL, '2019-11-13 11:20:01', '2019-11-13 11:20:01'),
(441, 186, NULL, '0', '0', NULL, '12:00:00', 1, '0', NULL, '2019-11-13 11:20:01', '2019-11-13 11:20:01'),
(442, 186, NULL, '0', '0', NULL, '01:00:00', 1, '0', NULL, '2019-11-13 11:20:01', '2019-11-13 11:20:01'),
(443, 186, NULL, '0', '0', NULL, '13:00:00', 1, '0', NULL, '2019-11-13 11:20:01', '2019-11-13 11:20:01'),
(444, 186, NULL, '0', '0', NULL, '02:00:00', 1, '0', NULL, '2019-11-13 11:20:01', '2019-11-13 11:20:01'),
(445, 187, NULL, '0', '0', NULL, '12:00:00', 1, '0', NULL, '2019-11-13 12:19:26', '2019-11-13 12:19:26'),
(446, 187, NULL, '0', '0', NULL, '12:00:00', 1, '0', NULL, '2019-11-13 12:19:26', '2019-11-13 12:19:26'),
(447, 187, NULL, '0', '0', NULL, '01:00:00', 1, '0', NULL, '2019-11-13 12:19:26', '2019-11-13 12:19:26'),
(448, 187, NULL, '0', '0', NULL, '13:00:00', 1, '0', NULL, '2019-11-13 12:19:26', '2019-11-13 12:19:26'),
(449, 187, NULL, '0', '0', NULL, '02:00:00', 1, '0', NULL, '2019-11-13 12:19:26', '2019-11-13 12:19:26'),
(450, 188, NULL, '0', '0', NULL, '05:30:00', 1, '0', NULL, '2019-11-13 16:09:10', '2019-11-13 16:09:10'),
(451, 188, NULL, '0', '0', NULL, '20:15:00', 1, '0', NULL, '2019-11-13 16:09:10', '2019-11-13 16:09:10'),
(452, 189, NULL, '0', '0', '2019-11-13', '05:30:00', 1, '0', NULL, '2019-11-13 16:09:23', '2019-11-13 16:09:23'),
(453, 190, NULL, '0', '0', '2019-11-13', '05:30:00', 1, '0', NULL, '2019-11-13 16:21:08', '2019-11-13 16:21:08'),
(454, 191, NULL, '0', '0', '2019-11-13', '05:30:00', 1, '0', NULL, '2019-11-13 16:26:12', '2019-11-13 16:26:12'),
(455, 192, NULL, '0', '0', NULL, '11:40:00', 1, '0', NULL, '2019-11-13 16:26:19', '2019-11-13 16:26:19'),
(456, 192, NULL, '0', '0', NULL, '11:40:00', 1, '0', NULL, '2019-11-13 16:26:19', '2019-11-13 16:26:19'),
(457, 193, NULL, '0', '0', '2019-11-13', '05:30:00', 1, '0', NULL, '2019-11-13 16:26:48', '2019-11-13 16:26:48'),
(458, 194, NULL, '0', '0', '2019-11-13', '05:30:00', 1, '0', NULL, '2019-11-13 16:29:04', '2019-11-13 16:29:04'),
(459, 195, NULL, '0', '0', NULL, '05:30:00', 1, '0', NULL, '2019-11-13 16:29:25', '2019-11-13 16:29:25'),
(460, 195, NULL, '0', '0', NULL, '08:15:00', 1, '0', NULL, '2019-11-13 16:29:25', '2019-11-13 16:29:25'),
(461, 196, NULL, '0', '0', '2019-11-13', '05:30:00', 1, '0', NULL, '2019-11-13 18:30:35', '2019-11-13 18:30:35'),
(469, 198, NULL, '0', '0', '2019-11-14', '10:27:00', 1, '0', NULL, '2019-11-14 10:27:50', '2019-11-14 10:27:50'),
(470, 199, NULL, '0', '0', NULL, '10:27:00', 1, '0', NULL, '2019-11-14 10:28:09', '2019-11-14 10:28:09'),
(549, 205, NULL, '0', '0', '2019-11-14', '13:04:00', 1, '0', NULL, '2019-11-14 13:05:24', '2019-11-14 13:05:24'),
(657, 206, NULL, '0', '0', NULL, '14:00:00', 1, '0', NULL, '2019-11-14 15:12:10', '2019-11-14 15:12:10'),
(658, 206, NULL, '0', '0', NULL, '15:00:00', 1, '0', NULL, '2019-11-14 15:12:10', '2019-11-14 15:12:10'),
(659, 207, 'Monday', '0', '1', NULL, '01:00:00', 1, '0', NULL, '2019-11-14 15:12:22', '2019-11-14 15:12:22'),
(660, 207, 'Tuesday', '0', '0', NULL, '02:00:00', 1, '0', NULL, '2019-11-14 15:12:22', '2019-11-14 15:12:22'),
(661, 207, 'Wednesday', '0', '1', NULL, '03:00:00', 1, '0', NULL, '2019-11-14 15:12:22', '2019-11-14 15:12:22'),
(662, 207, 'Thursday', '0', '1', NULL, '02:15:00', 1, '0', NULL, '2019-11-14 15:12:22', '2019-11-14 15:12:22'),
(663, 207, 'Friday', '0', '0', NULL, '03:09:00', 1, '0', NULL, '2019-11-14 15:12:22', '2019-11-14 15:12:22'),
(664, 207, 'Satureday', '0', '0', NULL, '03:09:00', 1, '0', NULL, '2019-11-14 15:12:22', '2019-11-14 15:12:22'),
(665, 207, 'Sunday', '0', '0', NULL, '03:09:00', 1, '0', NULL, '2019-11-14 15:12:22', '2019-11-14 15:12:22'),
(747, 227, NULL, '0', '0', '2019-11-18', '09:53:00', 1, '0', NULL, '2019-11-18 09:53:47', '2019-11-18 09:53:47'),
(748, 228, NULL, '0', '0', NULL, '09:53:00', 1, '0', NULL, '2019-11-18 09:54:05', '2019-11-18 09:54:05'),
(749, 228, NULL, '0', '0', NULL, '02:15:00', 1, '0', NULL, '2019-11-18 09:54:05', '2019-11-18 09:54:05'),
(750, 229, 'Monday', '0', '1', NULL, '09:54:00', 1, '0', NULL, '2019-11-18 09:54:25', '2019-11-18 09:54:25'),
(751, 229, 'Tuesday', '0', '1', NULL, '09:54:00', 1, '0', NULL, '2019-11-18 09:54:25', '2019-11-18 09:54:25'),
(752, 229, 'Wednesday', '0', '1', NULL, '09:54:00', 1, '0', NULL, '2019-11-18 09:54:25', '2019-11-18 09:54:25'),
(753, 229, 'Thursday', '0', '1', NULL, '09:54:00', 1, '0', NULL, '2019-11-18 09:54:25', '2019-11-18 09:54:25'),
(754, 229, 'Friday', '0', '1', NULL, '09:54:00', 1, '0', NULL, '2019-11-18 09:54:25', '2019-11-18 09:54:25'),
(755, 229, 'Satureday', '0', '1', NULL, '09:54:00', 1, '0', NULL, '2019-11-18 09:54:25', '2019-11-18 09:54:25'),
(756, 229, 'Sunday', '0', '1', NULL, '09:54:00', 1, '0', NULL, '2019-11-18 09:54:25', '2019-11-18 09:54:25'),
(759, 231, NULL, '0', '0', '2019-11-18', '16:00:00', 1, '0', NULL, '2019-11-18 15:14:33', '2019-11-18 15:14:33'),
(760, 230, NULL, '0', '0', NULL, '15:00:00', 1, '0', NULL, '2019-11-18 15:15:24', '2019-11-18 15:15:24'),
(761, 230, NULL, '0', '0', NULL, '16:00:00', 1, '0', NULL, '2019-11-18 15:15:24', '2019-11-18 15:15:24'),
(762, 230, NULL, '0', '0', NULL, '17:00:00', 1, '0', NULL, '2019-11-18 15:15:24', '2019-11-18 15:15:24'),
(763, 230, NULL, '0', '0', NULL, '18:00:00', 1, '0', NULL, '2019-11-18 15:15:24', '2019-11-18 15:15:24'),
(764, 230, NULL, '0', '0', NULL, '19:00:00', 1, '0', NULL, '2019-11-18 15:15:24', '2019-11-18 15:15:24'),
(765, 232, 'Monday', '0', '0', NULL, '16:00:00', 1, '0', NULL, '2019-11-18 15:16:08', '2019-11-18 15:16:08'),
(766, 232, 'Tuesday', '0', '0', NULL, '16:00:00', 1, '0', NULL, '2019-11-18 15:16:08', '2019-11-18 15:16:08'),
(767, 232, 'Wednesday', '0', '0', NULL, '16:00:00', 1, '0', NULL, '2019-11-18 15:16:08', '2019-11-18 15:16:08'),
(768, 232, 'Thursday', '0', '0', NULL, '16:00:00', 1, '0', NULL, '2019-11-18 15:16:08', '2019-11-18 15:16:08'),
(769, 232, 'Friday', '0', '0', NULL, '16:00:00', 1, '0', NULL, '2019-11-18 15:16:08', '2019-11-18 15:16:08'),
(770, 232, 'Satureday', '0', '0', NULL, '16:00:00', 1, '0', NULL, '2019-11-18 15:16:08', '2019-11-18 15:16:08'),
(771, 232, 'Sunday', '0', '0', NULL, '16:00:00', 1, '0', NULL, '2019-11-18 15:16:08', '2019-11-18 15:16:08'),
(772, 233, NULL, '0', '0', '2019-11-18', '16:00:00', 1, '0', NULL, '2019-11-18 15:18:16', '2019-11-18 15:18:16'),
(778, 235, 'Monday', '0', '1', NULL, '16:00:00', 1, '0', NULL, '2019-11-18 15:19:57', '2019-11-18 15:19:57'),
(779, 235, 'Tuesday', '0', '1', NULL, '16:00:00', 1, '0', NULL, '2019-11-18 15:19:57', '2019-11-18 15:19:57'),
(780, 235, 'Wednesday', '0', '1', NULL, '16:00:00', 1, '0', NULL, '2019-11-18 15:19:57', '2019-11-18 15:19:57'),
(781, 235, 'Thursday', '0', '1', NULL, '16:00:00', 1, '0', NULL, '2019-11-18 15:19:57', '2019-11-18 15:19:57'),
(782, 235, 'Friday', '0', '1', NULL, '16:00:00', 1, '0', NULL, '2019-11-18 15:19:57', '2019-11-18 15:19:57'),
(783, 235, 'Satureday', '0', '1', NULL, '16:00:00', 1, '0', NULL, '2019-11-18 15:19:57', '2019-11-18 15:19:57'),
(784, 235, 'Sunday', '0', '1', NULL, '16:00:00', 1, '0', NULL, '2019-11-18 15:19:57', '2019-11-18 15:19:57'),
(785, 234, NULL, '0', '0', NULL, '16:00:00', 1, '0', NULL, '2019-11-18 15:20:09', '2019-11-18 15:20:09'),
(786, 234, NULL, '0', '0', NULL, '16:00:00', 1, '0', NULL, '2019-11-18 15:20:09', '2019-11-18 15:20:09'),
(787, 234, NULL, '0', '0', NULL, '16:00:00', 1, '0', NULL, '2019-11-18 15:20:09', '2019-11-18 15:20:09'),
(788, 234, NULL, '0', '0', NULL, '16:00:00', 1, '0', NULL, '2019-11-18 15:20:09', '2019-11-18 15:20:09'),
(789, 234, NULL, '0', '0', NULL, '16:00:00', 1, '0', NULL, '2019-11-18 15:20:09', '2019-11-18 15:20:09'),
(797, 237, 'Monday', '0', '1', NULL, '16:09:00', 1, '0', NULL, '2019-11-18 16:09:57', '2019-11-18 16:09:57'),
(798, 237, 'Tuesday', '0', '0', NULL, '16:09:00', 1, '0', NULL, '2019-11-18 16:09:57', '2019-11-18 16:09:57'),
(799, 237, 'Wednesday', '0', '1', NULL, '16:09:00', 1, '0', NULL, '2019-11-18 16:09:57', '2019-11-18 16:09:57'),
(800, 237, 'Thursday', '0', '0', NULL, '16:09:00', 1, '0', NULL, '2019-11-18 16:09:57', '2019-11-18 16:09:57'),
(801, 237, 'Friday', '0', '0', NULL, '16:09:00', 1, '0', NULL, '2019-11-18 16:09:57', '2019-11-18 16:09:57'),
(802, 237, 'Satureday', '0', '0', NULL, '16:09:00', 1, '0', NULL, '2019-11-18 16:09:57', '2019-11-18 16:09:57'),
(803, 237, 'Sunday', '0', '0', NULL, '16:09:00', 1, '0', NULL, '2019-11-18 16:09:57', '2019-11-18 16:09:57'),
(874, 241, 'Monday', '1', '0', NULL, '01:00:00', 1, '0', NULL, '2019-11-18 16:52:09', '2019-11-18 16:52:09'),
(875, 241, 'Tuesday', '0', '0', NULL, '16:51:00', 1, '0', NULL, '2019-11-18 16:52:09', '2019-11-18 16:52:09'),
(876, 241, 'Wednesday', '1', '0', NULL, '02:00:00', 1, '0', NULL, '2019-11-18 16:52:09', '2019-11-18 16:52:09'),
(877, 241, 'Thursday', '0', '0', NULL, '16:51:00', 1, '0', NULL, '2019-11-18 16:52:09', '2019-11-18 16:52:09'),
(878, 241, 'Friday', '1', '0', NULL, '08:15:00', 1, '0', NULL, '2019-11-18 16:52:09', '2019-11-18 16:52:09'),
(879, 241, 'Satureday', '0', '0', NULL, '16:51:00', 1, '0', NULL, '2019-11-18 16:52:09', '2019-11-18 16:52:09'),
(880, 241, 'Sunday', '0', '0', NULL, '16:51:00', 1, '0', NULL, '2019-11-18 16:52:09', '2019-11-18 16:52:09'),
(902, 242, 'Monday', '1', '0', NULL, '01:00:00', 1, '0', NULL, '2019-11-18 16:54:10', '2019-11-18 16:54:10'),
(903, 242, 'Tuesday', '0', '0', NULL, '16:00:00', 1, '0', NULL, '2019-11-18 16:54:10', '2019-11-18 16:54:10'),
(904, 242, 'Wednesday', '1', '0', NULL, '02:15:00', 1, '0', NULL, '2019-11-18 16:54:10', '2019-11-18 16:54:10'),
(905, 242, 'Thursday', '1', '0', NULL, '07:00:00', 1, '0', NULL, '2019-11-18 16:54:10', '2019-11-18 16:54:10'),
(906, 242, 'Friday', '0', '0', NULL, '16:00:00', 1, '0', NULL, '2019-11-18 16:54:10', '2019-11-18 16:54:10'),
(907, 242, 'Satureday', '0', '0', NULL, '10:15:00', 1, '0', NULL, '2019-11-18 16:54:10', '2019-11-18 16:54:10'),
(908, 242, 'Sunday', '0', '0', NULL, '16:00:00', 1, '0', NULL, '2019-11-18 16:54:10', '2019-11-18 16:54:10'),
(916, 243, 'Monday', '1', '0', NULL, '16:54:00', 1, '0', NULL, '2019-11-18 16:54:58', '2019-11-18 16:54:58'),
(917, 243, 'Tuesday', '0', '0', NULL, '16:54:00', 1, '0', NULL, '2019-11-18 16:54:58', '2019-11-18 16:54:58'),
(918, 243, 'Wednesday', '0', '0', NULL, '16:54:00', 1, '0', NULL, '2019-11-18 16:54:58', '2019-11-18 16:54:58'),
(919, 243, 'Thursday', '1', '0', NULL, '16:54:00', 1, '0', NULL, '2019-11-18 16:54:58', '2019-11-18 16:54:58'),
(920, 243, 'Friday', '0', '0', NULL, '16:54:00', 1, '0', NULL, '2019-11-18 16:54:58', '2019-11-18 16:54:58'),
(921, 243, 'Satureday', '0', '0', NULL, '16:54:00', 1, '0', NULL, '2019-11-18 16:54:58', '2019-11-18 16:54:58'),
(922, 243, 'Sunday', '0', '0', NULL, '16:54:00', 1, '0', NULL, '2019-11-18 16:54:58', '2019-11-18 16:54:58'),
(930, 239, 'Monday', '1', '0', NULL, '16:30:00', 1, '0', NULL, '2019-11-18 16:56:34', '2019-11-18 16:56:34'),
(931, 239, 'Tuesday', '0', '0', NULL, '16:30:00', 1, '0', NULL, '2019-11-18 16:56:34', '2019-11-18 16:56:34'),
(932, 239, 'Wednesday', '1', '0', NULL, '16:30:00', 1, '0', NULL, '2019-11-18 16:56:34', '2019-11-18 16:56:34'),
(933, 239, 'Thursday', '1', '0', NULL, '08:15:00', 1, '0', NULL, '2019-11-18 16:56:34', '2019-11-18 16:56:34'),
(934, 239, 'Friday', '1', '0', NULL, '20:15:00', 1, '0', NULL, '2019-11-18 16:56:34', '2019-11-18 16:56:34'),
(935, 239, 'Satureday', '0', '0', NULL, '16:30:00', 1, '0', NULL, '2019-11-18 16:56:34', '2019-11-18 16:56:34'),
(936, 239, 'Sunday', '1', '0', NULL, '22:45:00', 1, '0', NULL, '2019-11-18 16:56:34', '2019-11-18 16:56:34'),
(937, 244, NULL, '0', '0', '2019-11-18', '17:26:00', 1, '0', NULL, '2019-11-18 17:27:11', '2019-11-18 17:27:11'),
(938, 245, NULL, '0', '0', '2019-11-18', '17:27:00', 1, '0', NULL, '2019-11-18 17:27:29', '2019-11-18 17:27:29'),
(940, 247, NULL, '0', '0', '2019-11-18', '18:41:00', 1, '0', NULL, '2019-11-18 18:41:50', '2019-11-18 18:41:50'),
(941, 248, NULL, '0', '0', '2019-11-18', '18:50:00', 1, '0', NULL, '2019-11-18 18:50:28', '2019-11-18 18:50:28'),
(942, 249, NULL, '0', '0', '2019-11-18', '18:51:00', 1, '0', NULL, '2019-11-18 18:51:33', '2019-11-18 18:51:33'),
(943, 250, NULL, '0', '0', '2019-11-18', '18:52:00', 1, '0', NULL, '2019-11-18 18:52:33', '2019-11-18 18:52:33'),
(944, 251, NULL, '0', '0', '2019-11-22', '21:15:00', 1, '0', NULL, '2019-11-19 00:48:13', '2019-11-19 00:48:13'),
(945, 252, 'Monday', '0', '0', NULL, '00:48:00', 1, '0', NULL, '2019-11-19 00:49:05', '2019-11-19 00:49:05'),
(946, 252, 'Tuesday', '1', '0', NULL, '00:48:00', 1, '0', NULL, '2019-11-19 00:49:05', '2019-11-19 00:49:05'),
(947, 252, 'Wednesday', '0', '0', NULL, '00:48:00', 1, '0', NULL, '2019-11-19 00:49:05', '2019-11-19 00:49:05'),
(948, 252, 'Thursday', '0', '0', NULL, '00:48:00', 1, '0', NULL, '2019-11-19 00:49:05', '2019-11-19 00:49:05'),
(949, 252, 'Friday', '0', '0', NULL, '00:48:00', 1, '0', NULL, '2019-11-19 00:49:05', '2019-11-19 00:49:05'),
(950, 252, 'Satureday', '0', '0', NULL, '00:48:00', 1, '0', NULL, '2019-11-19 00:49:05', '2019-11-19 00:49:05'),
(951, 252, 'Sunday', '0', '0', NULL, '00:48:00', 1, '0', NULL, '2019-11-19 00:49:05', '2019-11-19 00:49:05'),
(952, 253, NULL, '0', '0', NULL, '10:15:00', 1, '0', NULL, '2019-11-19 01:34:00', '2019-11-19 01:34:00'),
(953, 253, NULL, '0', '0', NULL, '13:30:00', 1, '0', NULL, '2019-11-19 01:34:00', '2019-11-19 01:34:00'),
(954, 253, NULL, '0', '0', NULL, '19:45:00', 1, '0', NULL, '2019-11-19 01:34:00', '2019-11-19 01:34:00'),
(955, 254, NULL, '0', '0', '2019-11-20', '14:15:00', 1, '0', NULL, '2019-11-19 01:35:04', '2019-11-19 01:35:04'),
(956, 255, NULL, '0', '0', NULL, '11:01:00', 1, '0', NULL, '2019-11-19 11:01:21', '2019-11-19 11:01:21'),
(957, 256, NULL, '0', '0', '1970-01-01', '11:01:00', 1, '0', NULL, '2019-11-19 11:01:40', '2019-11-19 11:01:40'),
(958, 257, 'Monday', '1', '0', NULL, '11:01:00', 1, '0', NULL, '2019-11-19 11:02:05', '2019-11-19 11:02:05'),
(959, 257, 'Tuesday', '0', '0', NULL, '11:01:00', 1, '0', NULL, '2019-11-19 11:02:05', '2019-11-19 11:02:05'),
(960, 257, 'Wednesday', '1', '0', NULL, '11:01:00', 1, '0', NULL, '2019-11-19 11:02:05', '2019-11-19 11:02:05'),
(961, 257, 'Thursday', '0', '0', NULL, '11:01:00', 1, '0', NULL, '2019-11-19 11:02:05', '2019-11-19 11:02:05'),
(962, 257, 'Friday', '0', '0', NULL, '11:01:00', 1, '0', NULL, '2019-11-19 11:02:05', '2019-11-19 11:02:05'),
(963, 257, 'Satureday', '0', '0', NULL, '11:01:00', 1, '0', NULL, '2019-11-19 11:02:05', '2019-11-19 11:02:05'),
(964, 257, 'Sunday', '0', '0', NULL, '11:01:00', 1, '0', NULL, '2019-11-19 11:02:05', '2019-11-19 11:02:05'),
(1020, 268, NULL, '0', '0', '2019-11-19', '13:26:00', 1, '0', NULL, '2019-11-19 13:26:58', '2019-11-19 13:26:58'),
(1021, 269, 'Monday', '1', '0', NULL, '13:27:00', 1, '0', NULL, '2019-11-19 13:27:12', '2019-11-19 13:27:12'),
(1022, 269, 'Tuesday', '0', '0', NULL, '13:27:00', 1, '0', NULL, '2019-11-19 13:27:12', '2019-11-19 13:27:12'),
(1023, 269, 'Wednesday', '1', '0', NULL, '13:27:00', 1, '0', NULL, '2019-11-19 13:27:12', '2019-11-19 13:27:12'),
(1024, 269, 'Thursday', '0', '0', NULL, '13:27:00', 1, '0', NULL, '2019-11-19 13:27:12', '2019-11-19 13:27:12'),
(1025, 269, 'Friday', '0', '0', NULL, '13:27:00', 1, '0', NULL, '2019-11-19 13:27:12', '2019-11-19 13:27:12'),
(1026, 269, 'Satureday', '0', '0', NULL, '13:27:00', 1, '0', NULL, '2019-11-19 13:27:12', '2019-11-19 13:27:12'),
(1027, 269, 'Sunday', '0', '0', NULL, '13:27:00', 1, '0', NULL, '2019-11-19 13:27:12', '2019-11-19 13:27:12'),
(1028, 270, NULL, '0', '0', NULL, '13:27:00', 1, '0', NULL, '2019-11-19 13:27:28', '2019-11-19 13:27:28'),
(1029, 270, NULL, '0', '0', NULL, '13:27:00', 1, '0', NULL, '2019-11-19 13:27:28', '2019-11-19 13:27:28'),
(1030, 270, NULL, '0', '0', NULL, '13:27:00', 1, '0', NULL, '2019-11-19 13:27:28', '2019-11-19 13:27:28'),
(1031, 270, NULL, '0', '0', NULL, '13:27:00', 1, '0', NULL, '2019-11-19 13:27:28', '2019-11-19 13:27:28'),
(1032, 270, NULL, '0', '0', NULL, '13:27:00', 1, '0', NULL, '2019-11-19 13:27:28', '2019-11-19 13:27:28'),
(1033, 271, NULL, '0', '0', '2019-11-19', '13:28:00', 1, '0', NULL, '2019-11-19 13:28:12', '2019-11-19 13:28:12'),
(1034, 272, NULL, '0', '0', '2019-11-19', '13:28:00', 1, '0', NULL, '2019-11-19 13:29:06', '2019-11-19 13:29:06'),
(1035, 273, NULL, '0', '0', '1970-01-01', '11:01:00', 1, '0', NULL, '2019-11-19 13:29:19', '2019-11-19 13:29:19'),
(1036, 274, NULL, '0', '0', '2019-11-19', '13:29:00', 1, '0', NULL, '2019-11-19 13:29:34', '2019-11-19 13:29:34'),
(1040, 275, NULL, '0', '0', NULL, '14:34:00', 1, '0', NULL, '2019-11-19 14:35:25', '2019-11-19 14:35:25'),
(1041, 275, NULL, '0', '0', NULL, '14:34:00', 1, '0', NULL, '2019-11-19 14:35:25', '2019-11-19 14:35:25'),
(1042, 275, NULL, '0', '0', NULL, '14:34:00', 1, '0', NULL, '2019-11-19 14:35:25', '2019-11-19 14:35:25'),
(1043, 275, NULL, '0', '0', NULL, '14:35:00', 1, '0', NULL, '2019-11-19 14:35:25', '2019-11-19 14:35:25'),
(1044, 275, NULL, '0', '0', NULL, '14:35:00', 1, '0', NULL, '2019-11-19 14:35:25', '2019-11-19 14:35:25'),
(1046, 277, NULL, '0', '0', '2019-11-19', '17:52:00', 1, '0', NULL, '2019-11-19 17:52:55', '2019-11-19 17:52:55'),
(1047, 278, 'Monday', '1', '0', NULL, '17:53:00', 1, '0', NULL, '2019-11-19 17:53:27', '2019-11-19 17:53:27'),
(1048, 278, 'Tuesday', '0', '0', NULL, '17:53:00', 1, '0', NULL, '2019-11-19 17:53:27', '2019-11-19 17:53:27'),
(1049, 278, 'Wednesday', '1', '0', NULL, '17:53:00', 1, '0', NULL, '2019-11-19 17:53:27', '2019-11-19 17:53:27'),
(1050, 278, 'Thursday', '0', '0', NULL, '17:53:00', 1, '0', NULL, '2019-11-19 17:53:27', '2019-11-19 17:53:27'),
(1051, 278, 'Friday', '0', '0', NULL, '17:53:00', 1, '0', NULL, '2019-11-19 17:53:27', '2019-11-19 17:53:27'),
(1052, 278, 'Satureday', '0', '0', NULL, '17:53:00', 1, '0', NULL, '2019-11-19 17:53:27', '2019-11-19 17:53:27'),
(1053, 278, 'Sunday', '0', '0', NULL, '17:53:00', 1, '0', NULL, '2019-11-19 17:53:27', '2019-11-19 17:53:27'),
(1054, 279, NULL, '0', '0', '2019-11-19', '18:18:00', 1, '0', NULL, '2019-11-19 18:19:10', '2019-11-19 18:19:10'),
(1055, 280, NULL, '0', '0', '2019-11-20', '10:19:00', 1, '0', NULL, '2019-11-20 10:19:19', '2019-11-20 10:19:19'),
(1056, 281, NULL, '0', '0', '2019-11-20', '10:19:00', 1, '0', NULL, '2019-11-20 10:20:00', '2019-11-20 10:20:00'),
(1059, 284, NULL, '0', '0', '2019-11-20', '10:23:00', 1, '0', NULL, '2019-11-20 10:23:45', '2019-11-20 10:23:45'),
(1060, 285, NULL, '0', '0', '2019-11-20', '10:29:00', 1, '0', NULL, '2019-11-20 10:30:04', '2019-11-20 10:30:04'),
(1069, 282, NULL, '0', '0', '2019-11-20', '09:30:00', 1, '0', NULL, '2019-11-20 10:31:01', '2019-11-20 10:31:01'),
(1070, 287, NULL, '0', '0', NULL, '10:29:00', 1, '0', NULL, '2019-11-20 10:31:46', '2019-11-20 10:31:46'),
(1071, 287, NULL, '0', '0', NULL, '10:31:00', 1, '0', NULL, '2019-11-20 10:31:46', '2019-11-20 10:31:46'),
(1072, 287, NULL, '0', '0', NULL, '10:31:00', 1, '0', NULL, '2019-11-20 10:31:46', '2019-11-20 10:31:46'),
(1073, 288, NULL, '0', '0', '2019-11-20', '10:23:00', 1, '0', NULL, '2019-11-20 10:35:34', '2019-11-20 10:35:34'),
(1074, 289, 'Monday', '1', '0', NULL, '17:53:00', 1, '0', NULL, '2019-11-20 10:38:17', '2019-11-20 10:38:17'),
(1075, 289, 'Tuesday', '0', '0', NULL, '17:53:00', 1, '0', NULL, '2019-11-20 10:38:17', '2019-11-20 10:38:17'),
(1076, 289, 'Wednesday', '1', '0', NULL, '17:53:00', 1, '0', NULL, '2019-11-20 10:38:17', '2019-11-20 10:38:17'),
(1077, 289, 'Thursday', '0', '0', NULL, '17:53:00', 1, '0', NULL, '2019-11-20 10:38:17', '2019-11-20 10:38:17'),
(1078, 289, 'Friday', '0', '0', NULL, '17:53:00', 1, '0', NULL, '2019-11-20 10:38:17', '2019-11-20 10:38:17'),
(1079, 289, 'Satureday', '0', '0', NULL, '17:53:00', 1, '0', NULL, '2019-11-20 10:38:17', '2019-11-20 10:38:17'),
(1080, 289, 'Sunday', '0', '0', NULL, '17:53:00', 1, '0', NULL, '2019-11-20 10:38:17', '2019-11-20 10:38:17'),
(1082, 291, 'Monday', '1', '0', NULL, '17:53:00', 1, '0', NULL, '2019-11-20 10:42:48', '2019-11-20 10:42:48'),
(1083, 291, 'Tuesday', '0', '0', NULL, '17:53:00', 1, '0', NULL, '2019-11-20 10:42:48', '2019-11-20 10:42:48'),
(1084, 291, 'Wednesday', '1', '0', NULL, '17:53:00', 1, '0', NULL, '2019-11-20 10:42:48', '2019-11-20 10:42:48'),
(1085, 291, 'Thursday', '0', '0', NULL, '17:53:00', 1, '0', NULL, '2019-11-20 10:42:48', '2019-11-20 10:42:48'),
(1086, 291, 'Friday', '0', '0', NULL, '17:53:00', 1, '0', NULL, '2019-11-20 10:42:48', '2019-11-20 10:42:48'),
(1087, 291, 'Satureday', '0', '0', NULL, '17:53:00', 1, '0', NULL, '2019-11-20 10:42:48', '2019-11-20 10:42:48'),
(1088, 291, 'Sunday', '0', '0', NULL, '17:53:00', 1, '0', NULL, '2019-11-20 10:42:48', '2019-11-20 10:42:48'),
(1092, 295, 'Monday', '1', '0', NULL, '17:53:00', 1, '0', NULL, '2019-11-20 10:44:32', '2019-11-20 10:44:32'),
(1093, 295, 'Tuesday', '0', '0', NULL, '17:53:00', 1, '0', NULL, '2019-11-20 10:44:32', '2019-11-20 10:44:32'),
(1094, 295, 'Wednesday', '1', '0', NULL, '17:53:00', 1, '0', NULL, '2019-11-20 10:44:32', '2019-11-20 10:44:32'),
(1095, 295, 'Thursday', '0', '0', NULL, '17:53:00', 1, '0', NULL, '2019-11-20 10:44:32', '2019-11-20 10:44:32'),
(1096, 295, 'Friday', '0', '0', NULL, '17:53:00', 1, '0', NULL, '2019-11-20 10:44:32', '2019-11-20 10:44:32'),
(1097, 295, 'Satureday', '0', '0', NULL, '17:53:00', 1, '0', NULL, '2019-11-20 10:44:32', '2019-11-20 10:44:32'),
(1098, 295, 'Sunday', '0', '0', NULL, '17:53:00', 1, '0', NULL, '2019-11-20 10:44:32', '2019-11-20 10:44:32'),
(1099, 296, NULL, '0', '0', '2019-11-20', '10:23:00', 1, '0', NULL, '2019-11-20 10:44:40', '2019-11-20 10:44:40'),
(1100, 297, NULL, '0', '0', '2019-11-20', '10:29:00', 1, '0', NULL, '2019-11-20 10:44:46', '2019-11-20 10:44:46'),
(1101, 298, NULL, '0', '0', '2019-11-19', '17:52:00', 1, '0', NULL, '2019-11-20 10:44:54', '2019-11-20 10:44:54'),
(1102, 299, NULL, '0', '0', NULL, '14:34:00', 1, '0', NULL, '2019-11-20 10:45:01', '2019-11-20 10:45:01'),
(1103, 299, NULL, '0', '0', NULL, '14:34:00', 1, '0', NULL, '2019-11-20 10:45:01', '2019-11-20 10:45:01'),
(1104, 299, NULL, '0', '0', NULL, '14:34:00', 1, '0', NULL, '2019-11-20 10:45:01', '2019-11-20 10:45:01'),
(1105, 299, NULL, '0', '0', NULL, '14:35:00', 1, '0', NULL, '2019-11-20 10:45:01', '2019-11-20 10:45:01'),
(1106, 299, NULL, '0', '0', NULL, '14:35:00', 1, '0', NULL, '2019-11-20 10:45:01', '2019-11-20 10:45:01'),
(1107, 300, NULL, '0', '0', '2019-11-20', '10:50:00', 1, '0', NULL, '2019-11-20 10:50:23', '2019-11-20 10:50:23'),
(1138, 306, NULL, '0', '0', NULL, '11:17:00', 1, '0', NULL, '2019-11-20 11:17:33', '2019-11-20 11:17:33'),
(1139, 306, NULL, '0', '0', NULL, '11:17:00', 1, '0', NULL, '2019-11-20 11:17:33', '2019-11-20 11:17:33'),
(1140, 306, NULL, '0', '0', NULL, '11:17:00', 1, '0', NULL, '2019-11-20 11:17:33', '2019-11-20 11:17:33'),
(1148, 308, NULL, '0', '0', NULL, '11:40:00', 1, '0', NULL, '2019-11-20 11:41:56', '2019-11-20 11:41:56'),
(1149, 308, NULL, '0', '0', NULL, '11:40:00', 1, '0', NULL, '2019-11-20 11:41:56', '2019-11-20 11:41:56'),
(1150, 308, NULL, '0', '0', NULL, '11:40:00', 1, '0', NULL, '2019-11-20 11:41:56', '2019-11-20 11:41:56'),
(1151, 308, NULL, '0', '0', NULL, '11:41:00', 1, '0', NULL, '2019-11-20 11:41:56', '2019-11-20 11:41:56'),
(1152, 308, NULL, '0', '0', NULL, '11:41:00', 1, '0', NULL, '2019-11-20 11:41:56', '2019-11-20 11:41:56'),
(1213, 320, 'Monday', '1', '0', NULL, '16:11:00', 1, '0', NULL, '2019-11-20 16:12:19', '2019-11-20 16:12:19'),
(1214, 320, 'Tuesday', '0', '0', NULL, '16:11:00', 1, '0', NULL, '2019-11-20 16:12:19', '2019-11-20 16:12:19'),
(1215, 320, 'Wednesday', '1', '0', NULL, '02:00:00', 1, '0', NULL, '2019-11-20 16:12:19', '2019-11-20 16:12:19'),
(1216, 320, 'Thursday', '0', '0', NULL, '16:11:00', 1, '0', NULL, '2019-11-20 16:12:19', '2019-11-20 16:12:19'),
(1217, 320, 'Friday', '0', '0', NULL, '16:11:00', 1, '0', NULL, '2019-11-20 16:12:19', '2019-11-20 16:12:19'),
(1218, 320, 'Satureday', '0', '0', NULL, '16:11:00', 1, '0', NULL, '2019-11-20 16:12:19', '2019-11-20 16:12:19'),
(1219, 320, 'Sunday', '0', '0', NULL, '16:11:00', 1, '0', NULL, '2019-11-20 16:12:19', '2019-11-20 16:12:19'),
(1224, 319, NULL, '0', '0', '2019-11-20', '16:11:00', 1, '0', NULL, '2019-11-20 16:13:35', '2019-11-20 16:13:35'),
(1228, 321, NULL, '0', '0', NULL, '16:12:00', 1, '0', '1', '2019-11-20 16:14:07', '2019-11-20 16:14:07'),
(1229, 321, NULL, '0', '0', NULL, '16:12:00', 1, '0', '1', '2019-11-20 16:14:07', '2019-11-20 16:14:07'),
(1230, 321, NULL, '0', '0', NULL, '16:12:00', 1, '0', '1', '2019-11-20 16:14:07', '2019-11-20 16:14:07'),
(1231, 321, NULL, '0', '0', NULL, '16:14:00', 1, '0', '1', '2019-11-20 16:14:07', '2019-11-20 16:14:07'),
(1232, 322, NULL, '0', '0', '2019-11-20', '16:14:00', 1, '0', NULL, '2019-11-20 16:14:40', '2019-11-20 16:14:40'),
(1233, 323, 'Monday', '1', '0', NULL, '16:14:00', 1, '0', NULL, '2019-11-20 16:15:11', '2019-11-20 16:15:11'),
(1234, 323, 'Tuesday', '0', '0', NULL, '16:14:00', 1, '0', NULL, '2019-11-20 16:15:11', '2019-11-20 16:15:11'),
(1235, 323, 'Wednesday', '1', '0', NULL, '16:14:00', 1, '0', NULL, '2019-11-20 16:15:11', '2019-11-20 16:15:11'),
(1236, 323, 'Thursday', '0', '0', NULL, '16:14:00', 1, '0', NULL, '2019-11-20 16:15:11', '2019-11-20 16:15:11'),
(1237, 323, 'Friday', '0', '0', NULL, '16:14:00', 1, '0', NULL, '2019-11-20 16:15:11', '2019-11-20 16:15:11'),
(1238, 323, 'Satureday', '0', '0', NULL, '16:14:00', 1, '0', NULL, '2019-11-20 16:15:11', '2019-11-20 16:15:11'),
(1239, 323, 'Sunday', '0', '0', NULL, '16:14:00', 1, '0', NULL, '2019-11-20 16:15:11', '2019-11-20 16:15:11'),
(1240, 324, NULL, '0', '0', NULL, '16:15:00', 1, '0', '1', '2019-11-20 16:15:35', '2019-11-20 16:15:35'),
(1241, 324, NULL, '0', '0', NULL, '16:15:00', 1, '0', '1', '2019-11-20 16:15:35', '2019-11-20 16:15:35'),
(1242, 324, NULL, '0', '0', NULL, '16:15:00', 1, '0', '1', '2019-11-20 16:15:35', '2019-11-20 16:15:35'),
(1243, 325, NULL, '0', '0', NULL, '16:15:00', 1, '0', NULL, '2019-11-20 16:19:41', '2019-11-20 16:19:41'),
(1244, 325, NULL, '0', '0', NULL, '16:15:00', 1, '0', NULL, '2019-11-20 16:19:41', '2019-11-20 16:19:41'),
(1245, 325, NULL, '0', '0', NULL, '16:15:00', 1, '0', NULL, '2019-11-20 16:19:41', '2019-11-20 16:19:41'),
(1252, 327, NULL, '0', '0', NULL, '16:12:00', 1, '0', NULL, '2019-11-20 16:34:10', '2019-11-20 16:34:10'),
(1253, 327, NULL, '0', '0', NULL, '16:12:00', 1, '0', NULL, '2019-11-20 16:34:10', '2019-11-20 16:34:10'),
(1254, 327, NULL, '0', '0', NULL, '16:12:00', 1, '0', NULL, '2019-11-20 16:34:10', '2019-11-20 16:34:10'),
(1255, 327, NULL, '0', '0', NULL, '16:14:00', 1, '0', NULL, '2019-11-20 16:34:10', '2019-11-20 16:34:10'),
(1260, 328, NULL, '0', '0', NULL, '16:12:00', 1, '0', NULL, '2019-11-20 16:39:13', '2019-11-20 16:39:13'),
(1261, 328, NULL, '0', '0', NULL, '16:12:00', 1, '0', NULL, '2019-11-20 16:39:13', '2019-11-20 16:39:13'),
(1262, 328, NULL, '0', '0', NULL, '16:12:00', 1, '0', NULL, '2019-11-20 16:39:13', '2019-11-20 16:39:13'),
(1263, 328, NULL, '0', '0', NULL, '16:14:00', 1, '0', NULL, '2019-11-20 16:39:13', '2019-11-20 16:39:13'),
(1264, 329, NULL, '0', '0', NULL, '16:46:00', 1, '0', '1', '2019-11-20 16:46:25', '2019-11-20 16:46:25'),
(1265, 330, NULL, '0', '0', NULL, '16:46:00', 1, '0', '1', '2019-11-20 16:46:50', '2019-11-20 16:46:50'),
(1266, 330, NULL, '0', '0', NULL, '16:46:00', 1, '0', '1', '2019-11-20 16:46:50', '2019-11-20 16:46:50'),
(1267, 331, NULL, '0', '0', NULL, '16:49:00', 1, '0', '1', '2019-11-20 16:49:15', '2019-11-20 16:49:15'),
(1268, 331, NULL, '0', '0', NULL, '16:49:00', 1, '0', '1', '2019-11-20 16:49:15', '2019-11-20 16:49:15'),
(1269, 332, NULL, '0', '0', NULL, '16:50:00', 1, '0', '1', '2019-11-20 16:50:53', '2019-11-20 16:50:53'),
(1270, 333, NULL, '0', '0', NULL, '16:52:00', 1, '0', '1', '2019-11-20 16:52:38', '2019-11-20 16:52:38'),
(1271, 333, NULL, '0', '0', NULL, '16:52:00', 1, '0', '1', '2019-11-20 16:52:38', '2019-11-20 16:52:38'),
(1272, 333, NULL, '0', '0', NULL, '16:52:00', 1, '0', '1', '2019-11-20 16:52:38', '2019-11-20 16:52:38'),
(1273, 333, NULL, '0', '0', NULL, '16:52:00', 1, '0', '1', '2019-11-20 16:52:38', '2019-11-20 16:52:38'),
(1274, 333, NULL, '0', '0', NULL, '16:52:00', 1, '0', '1', '2019-11-20 16:52:38', '2019-11-20 16:52:38'),
(1275, 334, NULL, '0', '0', NULL, '16:53:00', 1, '0', '1', '2019-11-20 16:54:04', '2019-11-20 16:54:04'),
(1276, 334, NULL, '0', '0', NULL, '16:53:00', 1, '0', '1', '2019-11-20 16:54:04', '2019-11-20 16:54:04'),
(1277, 334, NULL, '0', '0', NULL, '16:53:00', 1, '0', '1', '2019-11-20 16:54:04', '2019-11-20 16:54:04'),
(1278, 334, NULL, '0', '0', NULL, '16:53:00', 1, '0', '1', '2019-11-20 16:54:04', '2019-11-20 16:54:04'),
(1279, 335, NULL, '0', '0', NULL, '16:55:00', 1, '0', '1', '2019-11-20 16:55:22', '2019-11-20 16:55:22'),
(1280, 335, NULL, '0', '0', NULL, '16:55:00', 1, '0', '1', '2019-11-20 16:55:22', '2019-11-20 16:55:22');
INSERT INTO `ala_action_reminders` (`id`, `action_id`, `dayname`, `day_selected`, `daycheck`, `date`, `time`, `status`, `cron_added`, `is_finished`, `created_at`, `updated_at`) VALUES
(1281, 336, NULL, '0', '0', NULL, '16:56:00', 1, '0', '1', '2019-11-20 16:56:47', '2019-11-20 16:56:47'),
(1282, 336, NULL, '0', '0', NULL, '08:15:00', 1, '0', '1', '2019-11-20 16:56:47', '2019-11-20 16:56:47'),
(1283, 336, NULL, '0', '0', NULL, '16:56:00', 1, '0', '1', '2019-11-20 16:56:47', '2019-11-20 16:56:47'),
(1287, 337, NULL, '0', '0', NULL, '01:00:00', 1, '0', '1', '2019-11-20 16:57:47', '2019-11-20 16:57:47'),
(1288, 337, NULL, '0', '0', NULL, '02:00:00', 1, '0', '1', '2019-11-20 16:57:47', '2019-11-20 16:57:47'),
(1289, 337, NULL, '0', '0', NULL, '03:00:00', 1, '0', '1', '2019-11-20 16:57:47', '2019-11-20 16:57:47'),
(1290, 338, NULL, '0', '0', '2019-11-20', '17:57:00', 1, '0', NULL, '2019-11-20 17:57:17', '2019-11-20 17:57:17'),
(1291, 339, NULL, '0', '0', '2019-11-20', '17:58:00', 1, '0', NULL, '2019-11-20 17:58:32', '2019-11-20 17:58:32'),
(1292, 340, NULL, '0', '0', '2019-11-20', '18:11:00', 1, '0', NULL, '2019-11-20 18:11:15', '2019-11-20 18:11:15'),
(1293, 276, NULL, '0', '0', NULL, '20:15:00', 1, '0', NULL, '2019-11-20 21:00:12', '2019-11-20 21:00:12'),
(1297, 342, NULL, '0', '0', '2019-11-22', '21:15:00', 1, '0', NULL, '2019-11-20 21:12:54', '2019-11-20 21:12:54'),
(1298, 343, 'Monday', '0', '0', NULL, '00:48:00', 1, '0', NULL, '2019-11-20 21:13:24', '2019-11-20 21:13:24'),
(1299, 343, 'Tuesday', '1', '0', NULL, '00:48:00', 1, '0', NULL, '2019-11-20 21:13:24', '2019-11-20 21:13:24'),
(1300, 343, 'Wednesday', '0', '0', NULL, '00:48:00', 1, '0', NULL, '2019-11-20 21:13:24', '2019-11-20 21:13:24'),
(1301, 343, 'Thursday', '0', '0', NULL, '00:48:00', 1, '0', NULL, '2019-11-20 21:13:24', '2019-11-20 21:13:24'),
(1302, 343, 'Friday', '0', '0', NULL, '00:48:00', 1, '0', NULL, '2019-11-20 21:13:24', '2019-11-20 21:13:24'),
(1303, 343, 'Satureday', '0', '0', NULL, '00:48:00', 1, '0', NULL, '2019-11-20 21:13:24', '2019-11-20 21:13:24'),
(1304, 343, 'Sunday', '0', '0', NULL, '00:48:00', 1, '0', NULL, '2019-11-20 21:13:24', '2019-11-20 21:13:24'),
(1305, 344, NULL, '0', '0', NULL, '20:15:00', 1, '0', NULL, '2019-11-20 21:13:46', '2019-11-20 21:13:46'),
(1306, 345, NULL, '0', '0', '2019-11-19', '18:18:00', 1, '0', NULL, '2019-11-20 21:13:52', '2019-11-20 21:13:52'),
(1313, 341, NULL, '0', '0', NULL, '06:05:00', 1, '0', '1', '2019-11-20 21:15:25', '2019-11-20 21:15:25'),
(1314, 341, NULL, '0', '0', NULL, '12:10:00', 1, '0', NULL, '2019-11-20 21:15:25', '2019-11-20 21:15:25'),
(1315, 341, NULL, '0', '0', NULL, '19:20:00', 1, '0', NULL, '2019-11-20 21:15:25', '2019-11-20 21:15:25'),
(1316, 346, NULL, '0', '0', NULL, '20:15:00', 1, '0', NULL, '2019-11-20 21:18:28', '2019-11-20 21:18:28'),
(1317, 347, NULL, '0', '0', '2019-11-19', '18:18:00', 1, '0', NULL, '2019-11-20 21:18:37', '2019-11-20 21:18:37'),
(1318, 348, NULL, '0', '0', NULL, '06:05:00', 1, '0', NULL, '2019-11-20 21:19:58', '2019-11-20 21:19:58'),
(1319, 348, NULL, '0', '0', NULL, '12:10:00', 1, '0', NULL, '2019-11-20 21:19:58', '2019-11-20 21:19:58'),
(1320, 348, NULL, '0', '0', NULL, '19:20:00', 1, '0', NULL, '2019-11-20 21:19:58', '2019-11-20 21:19:58'),
(1321, 349, NULL, '0', '0', NULL, '09:29:00', 1, '0', NULL, '2019-11-21 09:29:41', '2019-11-21 09:29:41'),
(1322, 349, NULL, '0', '0', NULL, '09:29:00', 1, '0', NULL, '2019-11-21 09:29:41', '2019-11-21 09:29:41'),
(1323, 349, NULL, '0', '0', NULL, '09:29:00', 1, '0', '1', '2019-11-21 09:29:41', '2019-11-21 09:29:41'),
(1324, 349, NULL, '0', '0', NULL, '09:29:00', 1, '0', NULL, '2019-11-21 09:29:41', '2019-11-21 09:29:41'),
(1325, 349, NULL, '0', '0', NULL, '09:29:00', 1, '0', NULL, '2019-11-21 09:29:41', '2019-11-21 09:29:41'),
(1326, 350, NULL, '0', '0', '2019-11-21', '09:36:00', 1, '0', NULL, '2019-11-21 09:36:16', '2019-11-21 09:36:16'),
(1327, 351, 'Monday', '1', '0', NULL, '09:38:00', 1, '0', NULL, '2019-11-21 09:38:53', '2019-11-21 09:38:53'),
(1328, 351, 'Tuesday', '0', '0', NULL, '09:38:00', 1, '0', NULL, '2019-11-21 09:38:53', '2019-11-21 09:38:53'),
(1329, 351, 'Wednesday', '1', '0', NULL, '09:38:00', 1, '0', NULL, '2019-11-21 09:38:53', '2019-11-21 09:38:53'),
(1330, 351, 'Thursday', '0', '0', NULL, '09:38:00', 1, '0', NULL, '2019-11-21 09:38:53', '2019-11-21 09:38:53'),
(1331, 351, 'Friday', '0', '0', NULL, '09:38:00', 1, '0', NULL, '2019-11-21 09:38:53', '2019-11-21 09:38:53'),
(1332, 351, 'Satureday', '0', '0', NULL, '09:38:00', 1, '0', NULL, '2019-11-21 09:38:53', '2019-11-21 09:38:53'),
(1333, 351, 'Sunday', '0', '0', NULL, '09:38:00', 1, '0', NULL, '2019-11-21 09:38:53', '2019-11-21 09:38:53'),
(1334, 352, NULL, '0', '0', '2019-11-21', '09:39:00', 1, '0', NULL, '2019-11-21 09:39:31', '2019-11-21 09:39:31'),
(1336, 326, NULL, '0', '0', NULL, '16:22:00', 1, '0', NULL, '2019-11-21 09:44:25', '2019-11-21 09:44:25'),
(1337, 326, NULL, '0', '0', NULL, '16:22:00', 1, '0', NULL, '2019-11-21 09:44:25', '2019-11-21 09:44:25'),
(1338, 326, NULL, '0', '0', NULL, '16:22:00', 1, '0', NULL, '2019-11-21 09:44:25', '2019-11-21 09:44:25'),
(1339, 354, 'Monday', '1', '0', NULL, '09:38:00', 1, '0', NULL, '2019-11-21 09:48:47', '2019-11-21 09:48:47'),
(1340, 354, 'Tuesday', '0', '0', NULL, '09:38:00', 1, '0', NULL, '2019-11-21 09:48:47', '2019-11-21 09:48:47'),
(1341, 354, 'Wednesday', '1', '0', NULL, '09:38:00', 1, '0', NULL, '2019-11-21 09:48:47', '2019-11-21 09:48:47'),
(1342, 354, 'Thursday', '0', '0', NULL, '09:38:00', 1, '0', NULL, '2019-11-21 09:48:47', '2019-11-21 09:48:47'),
(1343, 354, 'Friday', '0', '0', NULL, '09:38:00', 1, '0', NULL, '2019-11-21 09:48:47', '2019-11-21 09:48:47'),
(1344, 354, 'Satureday', '0', '0', NULL, '09:38:00', 1, '0', NULL, '2019-11-21 09:48:47', '2019-11-21 09:48:47'),
(1345, 354, 'Sunday', '0', '0', NULL, '09:38:00', 1, '0', NULL, '2019-11-21 09:48:47', '2019-11-21 09:48:47'),
(1346, 355, NULL, '0', '0', '2019-11-21', '11:04:00', 1, '0', NULL, '2019-11-21 11:04:59', '2019-11-21 11:04:59'),
(1347, 356, NULL, '0', '0', NULL, '11:05:00', 1, '0', '1', '2019-11-21 11:05:28', '2019-11-21 11:05:28'),
(1348, 356, NULL, '0', '0', NULL, '11:05:00', 1, '0', '1', '2019-11-21 11:05:28', '2019-11-21 11:05:28'),
(1349, 356, NULL, '0', '0', NULL, '11:05:00', 1, '0', NULL, '2019-11-21 11:05:28', '2019-11-21 11:05:28'),
(1350, 357, NULL, '0', '0', '2019-11-21', '11:04:00', 1, '0', NULL, '2019-11-21 11:10:52', '2019-11-21 11:10:52'),
(1351, 358, NULL, '0', '0', NULL, '11:05:00', 1, '0', NULL, '2019-11-21 11:19:57', '2019-11-21 11:19:57'),
(1352, 358, NULL, '0', '0', NULL, '11:05:00', 1, '0', NULL, '2019-11-21 11:19:57', '2019-11-21 11:19:57'),
(1353, 358, NULL, '0', '0', NULL, '11:05:00', 1, '0', NULL, '2019-11-21 11:19:57', '2019-11-21 11:19:57'),
(1354, 359, NULL, '0', '0', '2019-11-21', '11:20:00', 1, '0', NULL, '2019-11-21 11:20:18', '2019-11-21 11:20:18'),
(1355, 360, NULL, '0', '0', NULL, '11:38:00', 1, '0', NULL, '2019-11-21 11:39:10', '2019-11-21 11:39:10'),
(1356, 360, NULL, '0', '0', NULL, '11:38:00', 1, '0', '1', '2019-11-21 11:39:10', '2019-11-21 11:39:10'),
(1357, 360, NULL, '0', '0', NULL, '11:38:00', 1, '0', NULL, '2019-11-21 11:39:10', '2019-11-21 11:39:10'),
(1358, 360, NULL, '0', '0', NULL, '11:38:00', 1, '0', NULL, '2019-11-21 11:39:10', '2019-11-21 11:39:10'),
(1359, 360, NULL, '0', '0', NULL, '11:38:00', 1, '0', NULL, '2019-11-21 11:39:10', '2019-11-21 11:39:10'),
(1385, 366, NULL, '0', '0', NULL, '12:03:00', 1, '0', NULL, '2019-11-21 12:03:41', '2019-11-21 12:03:41'),
(1386, 366, NULL, '0', '0', NULL, '12:03:00', 1, '0', NULL, '2019-11-21 12:03:41', '2019-11-21 12:03:41'),
(1387, 366, NULL, '0', '0', NULL, '12:03:00', 1, '0', NULL, '2019-11-21 12:03:41', '2019-11-21 12:03:41'),
(1401, 370, 'Monday', '1', '0', NULL, '12:24:00', 1, '0', NULL, '2019-11-21 12:24:35', '2019-11-21 12:24:35'),
(1402, 370, 'Tuesday', '0', '0', NULL, '12:24:00', 1, '0', NULL, '2019-11-21 12:24:35', '2019-11-21 12:24:35'),
(1403, 370, 'Wednesday', '1', '0', NULL, '12:24:00', 1, '0', NULL, '2019-11-21 12:24:35', '2019-11-21 12:24:35'),
(1404, 370, 'Thursday', '0', '0', NULL, '12:24:00', 1, '0', NULL, '2019-11-21 12:24:35', '2019-11-21 12:24:35'),
(1405, 370, 'Friday', '0', '0', NULL, '12:24:00', 1, '0', NULL, '2019-11-21 12:24:35', '2019-11-21 12:24:35'),
(1406, 370, 'Satureday', '0', '0', NULL, '12:24:00', 1, '0', NULL, '2019-11-21 12:24:35', '2019-11-21 12:24:35'),
(1407, 370, 'Sunday', '0', '0', NULL, '12:24:00', 1, '0', NULL, '2019-11-21 12:24:35', '2019-11-21 12:24:35'),
(1408, 371, 'Monday', '1', '0', NULL, '12:31:00', 1, '0', NULL, '2019-11-21 12:32:14', '2019-11-21 12:32:14'),
(1409, 371, 'Tuesday', '0', '0', NULL, '12:31:00', 1, '0', NULL, '2019-11-21 12:32:14', '2019-11-21 12:32:14'),
(1410, 371, 'Wednesday', '1', '0', NULL, '12:31:00', 1, '0', NULL, '2019-11-21 12:32:14', '2019-11-21 12:32:14'),
(1411, 371, 'Thursday', '0', '0', NULL, '12:31:00', 1, '0', NULL, '2019-11-21 12:32:14', '2019-11-21 12:32:14'),
(1412, 371, 'Friday', '0', '0', NULL, '12:31:00', 1, '0', NULL, '2019-11-21 12:32:14', '2019-11-21 12:32:14'),
(1413, 371, 'Satureday', '0', '0', NULL, '12:31:00', 1, '0', NULL, '2019-11-21 12:32:14', '2019-11-21 12:32:14'),
(1414, 371, 'Sunday', '0', '0', NULL, '12:31:00', 1, '0', NULL, '2019-11-21 12:32:14', '2019-11-21 12:32:14'),
(1479, 379, NULL, '0', '1', '2019-11-25', '11:06:00', 1, '0', NULL, '2019-11-25 10:18:14', '2019-11-25 10:18:14'),
(1480, 369, 'Monday', '1', '1', NULL, '11:38:00', 1, '0', NULL, '2019-11-25 11:17:29', '2019-11-25 11:17:29'),
(1481, 369, 'Tuesday', '0', '0', NULL, '12:22:00', 1, '0', NULL, '2019-11-25 11:17:29', '2019-11-25 11:17:29'),
(1482, 369, 'Wednesday', '1', '1', NULL, '12:22:00', 1, '0', NULL, '2019-11-25 11:17:29', '2019-11-25 11:17:29'),
(1483, 369, 'Thursday', '0', '0', NULL, '12:22:00', 1, '0', NULL, '2019-11-25 11:17:29', '2019-11-25 11:17:29'),
(1484, 369, 'Friday', '0', '0', NULL, '12:22:00', 1, '0', NULL, '2019-11-25 11:17:29', '2019-11-25 11:17:29'),
(1485, 369, 'Satureday', '0', '0', NULL, '12:22:00', 1, '0', NULL, '2019-11-25 11:17:29', '2019-11-25 11:17:29'),
(1486, 369, 'Sunday', '0', '0', NULL, '12:22:00', 1, '0', NULL, '2019-11-25 11:17:29', '2019-11-25 11:17:29'),
(1508, 384, 'Monday', '1', '1', NULL, '12:30:00', 1, '0', NULL, '2019-11-25 12:20:36', '2019-11-25 12:20:36'),
(1509, 384, 'Tuesday', '0', '0', NULL, '12:20:00', 1, '0', NULL, '2019-11-25 12:20:36', '2019-11-25 12:20:36'),
(1510, 384, 'Wednesday', '1', '1', NULL, '12:20:00', 1, '0', NULL, '2019-11-25 12:20:36', '2019-11-25 12:20:36'),
(1511, 384, 'Thursday', '0', '0', NULL, '12:20:00', 1, '0', NULL, '2019-11-25 12:20:36', '2019-11-25 12:20:36'),
(1512, 384, 'Friday', '0', '0', NULL, '12:20:00', 1, '0', NULL, '2019-11-25 12:20:36', '2019-11-25 12:20:36'),
(1513, 384, 'Satureday', '0', '0', NULL, '12:20:00', 1, '0', NULL, '2019-11-25 12:20:36', '2019-11-25 12:20:36'),
(1514, 384, 'Sunday', '0', '0', NULL, '12:20:00', 1, '0', NULL, '2019-11-25 12:20:36', '2019-11-25 12:20:36'),
(1529, 382, NULL, '0', '1', '2019-11-25', '12:30:00', 1, '0', NULL, '2019-11-25 13:11:26', '2019-11-25 13:11:26'),
(1531, 388, NULL, '0', '1', '2019-11-25', '11:38:00', 1, '0', NULL, '2019-11-25 14:35:12', '2019-11-25 14:35:12'),
(1532, 389, NULL, '0', '0', '2019-12-03', '10:54:00', 1, '0', NULL, '2019-12-03 10:54:28', '2019-12-03 10:54:28'),
(1533, 390, NULL, '0', '0', '2019-12-03', '10:57:00', 1, '0', NULL, '2019-12-03 10:57:35', '2019-12-03 10:57:35'),
(1534, 391, NULL, '0', '0', '2019-12-03', '10:57:00', 1, '0', NULL, '2019-12-03 10:58:52', '2019-12-03 10:58:52'),
(1535, 392, 'Monday', '0', '0', NULL, '11:06:00', 1, '0', NULL, '2019-12-03 11:06:43', '2019-12-03 11:06:43'),
(1536, 392, 'Tuesday', '1', '0', NULL, '20:15:00', 1, '0', NULL, '2019-12-03 11:06:43', '2019-12-03 11:06:43'),
(1537, 392, 'Wednesday', '0', '0', NULL, '11:06:00', 1, '0', NULL, '2019-12-03 11:06:43', '2019-12-03 11:06:43'),
(1538, 392, 'Thursday', '0', '0', NULL, '11:06:00', 1, '0', NULL, '2019-12-03 11:06:43', '2019-12-03 11:06:43'),
(1539, 392, 'Friday', '0', '0', NULL, '11:06:00', 1, '0', NULL, '2019-12-03 11:06:43', '2019-12-03 11:06:43'),
(1540, 392, 'Satureday', '0', '0', NULL, '11:06:00', 1, '0', NULL, '2019-12-03 11:06:43', '2019-12-03 11:06:43'),
(1541, 392, 'Sunday', '0', '0', NULL, '11:06:00', 1, '0', NULL, '2019-12-03 11:06:43', '2019-12-03 11:06:43'),
(1542, 393, NULL, '0', '0', NULL, '08:00:00', 1, '0', '1', '2019-12-03 11:08:38', '2019-12-03 11:08:38'),
(1543, 393, NULL, '0', '0', NULL, '13:15:00', 1, '0', NULL, '2019-12-03 11:08:38', '2019-12-03 11:08:38'),
(1544, 393, NULL, '0', '0', NULL, '19:15:00', 1, '0', '1', '2019-12-03 11:08:38', '2019-12-03 11:08:38'),
(1545, 402, NULL, '0', '0', NULL, '18:35:00', 1, '0', NULL, '2019-12-05 18:35:50', '2019-12-05 18:35:50'),
(1546, 403, NULL, '0', '0', NULL, '18:35:00', 1, '0', '1', '2019-12-05 18:36:16', '2019-12-05 18:36:16'),
(1547, 403, NULL, '0', '0', NULL, '18:35:00', 1, '0', NULL, '2019-12-05 18:36:16', '2019-12-05 18:36:16');

-- --------------------------------------------------------

--
-- Table structure for table `ala_action_types`
--

CREATE TABLE `ala_action_types` (
  `id` int(11) NOT NULL,
  `title` varchar(255) NOT NULL,
  `status` tinyint(1) NOT NULL DEFAULT '1'
) ENGINE=InnoDB DEFAULT CHARSET=latin1;

--
-- Dumping data for table `ala_action_types`
--

INSERT INTO `ala_action_types` (`id`, `title`, `status`) VALUES
(1, 'One Time', 1),
(2, 'Daily', 1),
(3, 'Weekly', 1);

-- --------------------------------------------------------

--
-- Table structure for table `ala_action_user_notes`
--

CREATE TABLE `ala_action_user_notes` (
  `id` int(11) NOT NULL,
  `user_id` int(11) NOT NULL,
  `action_id` int(11) NOT NULL,
  `feedback_node` text NOT NULL,
  `identifier` varchar(255) NOT NULL DEFAULT 'action_complete_0',
  `created_at` datetime NOT NULL,
  `updated_at` datetime NOT NULL
) ENGINE=InnoDB DEFAULT CHARSET=latin1;

--
-- Dumping data for table `ala_action_user_notes`
--

INSERT INTO `ala_action_user_notes` (`id`, `user_id`, `action_id`, `feedback_node`, `identifier`, `created_at`, `updated_at`) VALUES
(1, 1, 1, 'dsg', 'action_complete_0', '2019-06-27 00:33:48', '2019-06-27 00:33:48'),
(2, 1, 1, 'dfsfsd', 'action_complete_1', '2019-06-27 00:33:48', '2019-06-27 00:33:48'),
(3, 1, 1, 'fsfsdfs', 'action_complete_2', '2019-06-27 00:33:48', '2019-06-27 00:33:48'),
(4, 1, 3, 'rgsdfs', 'action_complete_0', '2019-06-27 23:23:26', '2019-06-27 23:23:26'),
(5, 1, 3, 'dfsdfsfs', 'action_complete_1', '2019-06-27 23:23:26', '2019-06-27 23:23:26'),
(6, 1, 3, 'fsdsfsd', 'action_complete_2', '2019-06-27 23:23:26', '2019-06-27 23:23:26'),
(7, 1, 2, 'erwrwe', 'action_complete_0', '2019-06-27 23:24:10', '2019-06-27 23:24:10'),
(8, 1, 2, 'rwerwerw', 'action_complete_1', '2019-06-27 23:24:10', '2019-06-27 23:24:10'),
(9, 1, 2, 'werwerwre', 'action_complete_2', '2019-06-27 23:24:10', '2019-06-27 23:24:10'),
(10, 1, 13, 'test', 'action_complete_0', '2019-10-30 13:23:21', '2019-10-30 13:23:21'),
(11, 1, 13, 'fdfd', 'action_complete_1', '2019-10-30 13:23:21', '2019-10-30 13:23:21'),
(12, 1, 13, 'fd', 'action_complete_2', '2019-10-30 13:23:21', '2019-10-30 13:23:21'),
(13, 1, 12, 'xz', 'action_complete_0', '2019-10-30 14:30:58', '2019-10-30 14:30:58'),
(14, 1, 12, 'xzx', 'action_complete_1', '2019-10-30 14:30:58', '2019-10-30 14:30:58'),
(15, 1, 12, 'z', 'action_complete_2', '2019-10-30 14:30:58', '2019-10-30 14:30:58'),
(16, 2, 40, 'test', 'action_complete_0', '2019-11-04 15:10:37', '2019-11-04 15:10:37'),
(17, 2, 40, 'test1', 'action_complete_1', '2019-11-04 15:10:37', '2019-11-04 15:10:37'),
(18, 2, 40, 'test2', 'action_complete_2', '2019-11-04 15:10:37', '2019-11-04 15:10:37'),
(19, 2, 39, 'ans1', 'action_complete_0', '2019-11-04 15:11:07', '2019-11-04 15:11:07'),
(20, 2, 39, 'ans2', 'action_complete_1', '2019-11-04 15:11:07', '2019-11-04 15:11:07'),
(21, 2, 39, 'ans3', 'action_complete_2', '2019-11-04 15:11:07', '2019-11-04 15:11:07'),
(22, 2, 60, '', 'action_complete_0', '2019-11-06 12:34:57', '2019-11-06 12:34:57'),
(23, 2, 60, '', 'action_complete_1', '2019-11-06 12:34:57', '2019-11-06 12:34:57'),
(24, 2, 60, '', 'action_complete_2', '2019-11-06 12:34:57', '2019-11-06 12:34:57');

-- --------------------------------------------------------

--
-- Table structure for table `ala_admin`
--

CREATE TABLE `ala_admin` (
  `id` int(11) NOT NULL,
  `first_name` varchar(255) NOT NULL,
  `last_name` varchar(255) NOT NULL,
  `email` varchar(255) NOT NULL,
  `phone` varchar(255) NOT NULL,
  `password` varchar(255) NOT NULL,
  `status` tinyint(1) NOT NULL DEFAULT '1'
) ENGINE=InnoDB DEFAULT CHARSET=latin1;

--
-- Dumping data for table `ala_admin`
--

INSERT INTO `ala_admin` (`id`, `first_name`, `last_name`, `email`, `phone`, `password`, `status`) VALUES
(1, 'Admin', 'Admin', 'admin@ala.com', '9885888888', 'e10adc3949ba59abbe56e057f20f883e', 1);

-- --------------------------------------------------------

--
-- Table structure for table `ala_default_values`
--

CREATE TABLE `ala_default_values` (
  `id` int(11) NOT NULL,
  `value_title` text,
  `addedby` int(11) DEFAULT '0'
) ENGINE=MyISAM DEFAULT CHARSET=latin1;

--
-- Dumping data for table `ala_default_values`
--

INSERT INTO `ala_default_values` (`id`, `value_title`, `addedby`) VALUES
(1, 'Relationship', 0),
(2, 'Education/Learning', 0),
(3, 'Career/Self Employment', 0),
(4, 'InLaws', 0),
(5, 'Children and Step Children', 0),
(6, 'Hobbies', 0),
(7, 'Community/Religous', 0),
(8, 'Physical Wellbeing', 0),
(9, 'Travel', 0),
(10, 'Volunteer Activities', 0),
(11, 'Praying/Meditating', 0),
(12, 'Culture and Values', 0),
(26, 'sds', 2),
(23, 'value user2', 2),
(25, 'Happiness', 4),
(27, 'write a book', 10),
(33, 'gfgf', 11),
(35, 'hhh', 21),
(36, 'dsfsd', 21),
(38, 'dfdf', 25),
(39, 'suds', 25);

-- --------------------------------------------------------

--
-- Table structure for table `ala_goals`
--

CREATE TABLE `ala_goals` (
  `id` int(11) NOT NULL,
  `user_id` int(11) NOT NULL DEFAULT '0',
  `title` varchar(255) NOT NULL,
  `description` text NOT NULL,
  `is_secondary` tinyint(1) NOT NULL DEFAULT '0',
  `status` tinyint(1) NOT NULL DEFAULT '1',
  `created_at` datetime NOT NULL,
  `updated_at` datetime NOT NULL
) ENGINE=InnoDB DEFAULT CHARSET=latin1;

--
-- Dumping data for table `ala_goals`
--

INSERT INTO `ala_goals` (`id`, `user_id`, `title`, `description`, `is_secondary`, `status`, `created_at`, `updated_at`) VALUES
(1, 1, 'App One1', '<p>43</p>', 0, 1, '2019-05-23 23:02:13', '2019-05-24 00:09:07'),
(2, 1, 'se', '<p>ssese</p>', 0, 1, '2019-05-23 23:03:18', '2019-05-23 23:03:18'),
(3, 1, 'dsd', '<p>dsd</p>', 0, 1, '2019-05-23 23:04:02', '2019-05-23 23:04:02'),
(4, 1, 'zsczsz', '<p>asdadad</p>', 0, 1, '2019-05-24 21:05:56', '2019-05-24 21:05:56'),
(6, 1, 'test', '<p><strong>test</strong></p>', 0, 1, '2019-10-30 16:13:32', '2019-10-30 16:13:32'),
(8, 2, 'Goal 1', '<p>Goal 1</p>', 0, 1, '2019-11-07 11:31:45', '2019-11-07 11:31:45'),
(9, 2, 'Goal 2', '<p>Goal 2</p>', 1, 1, '2019-11-07 11:32:02', '2019-11-07 11:32:02'),
(10, 2, 'goal 3', '<p>goal 3</p>', 0, 1, '2019-11-07 13:21:02', '2019-11-07 13:21:02'),
(11, 4, 'Party', '<p>Sometimes you just have to party</p>', 0, 1, '2019-11-08 19:38:00', '2019-11-08 19:38:00'),
(12, 5, 'new goal 1', '<p>new goal 1</p>', 0, 1, '2019-11-11 11:04:34', '2019-11-11 11:04:34'),
(14, 9, 'Goal 1', '<p>Description of Goal 1 - Primary</p>', 0, 1, '2019-11-11 21:53:09', '2019-11-11 21:53:09'),
(15, 9, 'Goal 2', '<p>Description of Goal 2 - secondary</p>', 1, 1, '2019-11-11 21:53:26', '2019-11-11 21:53:26'),
(16, 10, 'write a page', '<p>write a page a day for the rest of my life</p>', 0, 1, '2019-11-12 21:52:24', '2019-11-12 21:52:24'),
(17, 11, 'Medicoor', '<p>dsds</p>', 1, 1, '2019-11-14 09:58:39', '2019-11-14 09:58:39'),
(48, 21, 'sdsddd', '<p>dsds</p>', 0, 1, '2019-11-18 15:01:56', '2019-11-18 15:01:56'),
(52, 22, 'rule the world', '<p>Try to take over the world with my firend pinky</p>', 0, 1, '2019-11-19 01:05:55', '2019-11-19 01:05:55'),
(53, 22, 'Party everyday', '<p>My girl likes to party all the time, party all the time, parrrty all the time</p>', 1, 1, '2019-11-19 01:06:28', '2019-11-19 01:06:28'),
(94, 25, 'fddfss', '<p><em>dfdf</em></p>', 0, 1, '2019-11-21 09:42:31', '2019-11-21 09:48:09'),
(97, 25, 'hjkhk', '<p>jhkhjkh</p>', 0, 1, '2019-11-21 11:06:13', '2019-11-21 11:06:13'),
(98, 28, 'Primary Goal', '<p>This is my primary goal</p>', 0, 1, '2019-11-26 00:48:25', '2019-11-26 00:48:25'),
(99, 28, 'Primary goal 2', '<p>dasf</p>', 0, 1, '2019-11-26 00:48:46', '2019-11-26 00:48:46'),
(100, 28, 'sec goal', '<p>dsafhaf</p>', 0, 1, '2019-11-26 00:48:54', '2019-11-26 00:48:54');

-- --------------------------------------------------------

--
-- Table structure for table `ala_post_meeting`
--

CREATE TABLE `ala_post_meeting` (
  `id` int(11) NOT NULL,
  `user_id` int(11) NOT NULL DEFAULT '0',
  `general_topic` text NOT NULL,
  `session_value` text NOT NULL,
  `notes` text NOT NULL,
  `weekno` varchar(100) DEFAULT NULL,
  `week_start` datetime DEFAULT NULL,
  `week_end` datetime DEFAULT NULL,
  `created_at` datetime NOT NULL,
  `updated_at` datetime NOT NULL
) ENGINE=InnoDB DEFAULT CHARSET=latin1;

--
-- Dumping data for table `ala_post_meeting`
--

INSERT INTO `ala_post_meeting` (`id`, `user_id`, `general_topic`, `session_value`, `notes`, `weekno`, `week_start`, `week_end`, `created_at`, `updated_at`) VALUES
(47, 4, 'My girl likes to party all the time', 'Learned to fly', 'Other notes should not be required', '1', '2019-11-08 08:11:42', '2019-11-14 08:11:42', '2019-11-08 20:12:02', '2019-11-08 20:12:02'),
(51, 5, 'ds', 'dsd', 'sd', '1', '2019-11-11 04:15:01', '2019-11-17 04:15:01', '2019-11-11 16:15:05', '2019-11-11 16:15:05'),
(52, 7, 'sdsd', 'sd', 'sd', '1', '2019-11-11 06:12:36', '2019-11-17 06:12:36', '2019-11-11 18:12:42', '2019-11-11 18:12:42'),
(55, 9, 'Being better humans', 'Yada Yada', '', '1', '2019-11-11 10:17:53', '2019-11-17 10:17:53', '2019-11-11 22:18:02', '2019-11-11 22:18:02'),
(56, 9, 'Gerneal topic', 'lots and lots', '', '2', '2019-11-18 10:17:53', '2019-11-24 10:17:53', '2019-11-12 03:08:55', '2019-11-12 03:08:55'),
(63, 2, 'First Post', 'First Post', 'First Post', '1', '2019-11-13 04:21:09', '2019-11-19 04:21:09', '2019-11-13 16:21:12', '2019-11-13 16:21:12'),
(64, 2, 'second post', 'second post', 'second post', '2', '2019-11-20 04:21:09', '2019-11-26 04:21:09', '2019-11-13 16:26:23', '2019-11-13 16:26:23'),
(65, 11, 'test', 'test', 'test', '1', '2019-11-18 09:53:11', '2019-11-24 09:53:11', '2019-11-18 09:53:25', '2019-11-18 09:53:25'),
(66, 21, 'first meet', 'first meet', 'first meet', '1', '2019-11-18 03:16:51', '2019-11-24 03:16:51', '2019-11-18 15:17:11', '2019-11-18 15:17:11'),
(67, 21, 'dd', 'dd', 'dd', '2', '2019-11-25 03:16:51', '2019-12-01 03:16:51', '2019-11-18 17:26:29', '2019-11-18 17:26:29'),
(68, 22, 'how to rule the world', 'general knowledge', '', '1', '2019-11-19 01:32:19', '2019-11-25 01:32:19', '2019-11-19 01:32:41', '2019-11-19 01:32:41'),
(75, 9, 'reading minds', 'mind your own business', '', '3', '2019-11-25 10:17:53', '2019-12-01 10:17:53', '2019-11-20 21:14:11', '2019-11-20 21:14:11'),
(77, 25, 'sdfsd', 'fsd', 'sdfsd', '1', '2019-11-21 09:48:48', '2019-11-27 09:48:48', '2019-11-21 09:48:57', '2019-11-21 09:48:57'),
(78, 25, 'df', 'df', 'df', '2', '2019-11-28 09:48:48', '2019-12-04 09:48:48', '2019-11-21 10:56:30', '2019-11-21 10:56:30'),
(79, 25, 'suds', 'seeds', 'seeds', '3', '2019-12-05 09:48:48', '2019-12-11 09:48:48', '2019-11-21 11:20:58', '2019-11-21 11:20:58'),
(80, 25, 'sdf', 'sdfsd', 'fs', '4', '2019-12-12 09:48:48', '2019-12-18 09:48:48', '2019-11-21 12:32:58', '2019-11-21 12:32:58'),
(81, 2, 'This is test topic', 'new week session', '', '3', '2019-11-27 04:21:09', '2019-12-03 04:21:09', '2019-12-03 10:54:35', '2019-12-03 10:54:35'),
(82, 28, 'Miscellaneous', '1 million dollars', '', '1', '2019-12-03 10:57:36', '2019-12-09 10:57:36', '2019-12-03 10:57:37', '2019-12-03 10:57:37');

-- --------------------------------------------------------

--
-- Table structure for table `ala_post_meeting_action_mapping`
--

CREATE TABLE `ala_post_meeting_action_mapping` (
  `id` int(11) NOT NULL,
  `post_meeting_id` int(11) NOT NULL,
  `action_id` int(11) NOT NULL,
  `is_finished` tinyint(1) NOT NULL DEFAULT '0'
) ENGINE=InnoDB DEFAULT CHARSET=latin1;

--
-- Dumping data for table `ala_post_meeting_action_mapping`
--

INSERT INTO `ala_post_meeting_action_mapping` (`id`, `post_meeting_id`, `action_id`, `is_finished`) VALUES
(1, 1, 4, 0),
(2, 1, 5, 0),
(3, 2, 1, 0),
(4, 2, 2, 0),
(5, 2, 3, 0),
(6, 2, 9, 0),
(7, 2, 10, 0),
(8, 2, 11, 0),
(9, 2, 12, 0),
(10, 2, 13, 0),
(14, 5, 18, 0),
(15, 6, 14, 0),
(16, 6, 15, 0),
(17, 6, 17, 0),
(18, 7, 19, 0),
(19, 8, 20, 0),
(20, 9, 21, 0),
(34, 10, 26, 0),
(35, 10, 27, 0),
(36, 10, 28, 0),
(37, 10, 29, 0),
(38, 12, 24, 0),
(39, 13, 25, 0),
(40, 14, 30, 0),
(55, 21, 32, 0),
(56, 21, 33, 0),
(57, 21, 34, 0),
(58, 21, 35, 0),
(59, 21, 36, 0),
(60, 21, 37, 0),
(61, 21, 38, 0),
(109, 44, 67, 0),
(110, 44, 68, 0),
(111, 44, 69, 0),
(112, 44, 70, 0),
(113, 45, 71, 0),
(114, 45, 72, 0),
(115, 45, 73, 0),
(116, 46, 78, 0),
(117, 46, 81, 0),
(118, 47, 89, 0),
(119, 47, 90, 0),
(120, 48, 91, 0),
(121, 48, 92, 0),
(122, 49, 93, 0),
(123, 49, 94, 0),
(124, 49, 95, 0),
(125, 49, 96, 0),
(126, 50, 97, 0),
(127, 50, 110, 0),
(128, 50, 115, 0),
(129, 50, 116, 0),
(130, 50, 117, 0),
(131, 50, 118, 0),
(132, 50, 129, 0),
(133, 51, 131, 0),
(134, 52, 0, 0),
(135, 53, 86, 0),
(136, 53, 87, 0),
(137, 53, 88, 0),
(138, 53, 132, 0),
(139, 53, 133, 0),
(140, 54, 134, 0),
(141, 54, 135, 0),
(142, 55, 136, 0),
(143, 55, 137, 0),
(144, 55, 138, 0),
(145, 55, 139, 0),
(146, 55, 140, 0),
(147, 56, 141, 0),
(148, 56, 142, 0),
(149, 56, 143, 0),
(150, 56, 144, 0),
(151, 56, 145, 0),
(152, 57, 146, 0),
(153, 57, 147, 0),
(154, 57, 148, 0),
(155, 57, 149, 0),
(156, 57, 150, 0),
(157, 57, 151, 0),
(158, 57, 152, 0),
(159, 58, 158, 0),
(160, 58, 160, 0),
(161, 59, 164, 0),
(162, 59, 165, 0),
(163, 59, 166, 0),
(164, 59, 167, 0),
(165, 59, 168, 0),
(166, 59, 169, 0),
(167, 59, 170, 0),
(168, 59, 174, 0),
(169, 60, 177, 0),
(170, 60, 178, 0),
(171, 60, 179, 0),
(172, 60, 180, 0),
(173, 60, 181, 0),
(174, 60, 182, 0),
(175, 60, 184, 0),
(176, 60, 185, 0),
(177, 60, 186, 0),
(180, 61, 0, 0),
(181, 62, 187, 0),
(182, 62, 188, 0),
(183, 62, 189, 0),
(184, 63, 190, 0),
(185, 64, 191, 0),
(186, 64, 192, 0),
(187, 65, 198, 0),
(188, 65, 199, 0),
(189, 65, 205, 0),
(190, 65, 206, 0),
(191, 65, 207, 0),
(192, 66, 230, 0),
(193, 66, 231, 0),
(194, 66, 232, 0),
(195, 67, 233, 0),
(196, 67, 234, 0),
(197, 67, 235, 0),
(198, 67, 237, 0),
(199, 67, 239, 0),
(200, 67, 241, 0),
(201, 67, 242, 0),
(202, 67, 243, 0),
(203, 68, 0, 0),
(231, 75, 163, 0),
(232, 75, 251, 0),
(233, 75, 252, 0),
(234, 75, 276, 0),
(235, 75, 279, 0),
(258, 77, 255, 0),
(259, 77, 256, 0),
(260, 77, 257, 0),
(261, 77, 268, 0),
(262, 77, 269, 0),
(263, 77, 270, 0),
(264, 77, 271, 0),
(265, 77, 272, 0),
(266, 77, 273, 0),
(267, 77, 274, 0),
(268, 77, 275, 0),
(269, 77, 277, 0),
(270, 77, 278, 0),
(271, 77, 280, 0),
(272, 77, 281, 0),
(273, 77, 282, 0),
(274, 77, 284, 0),
(275, 77, 285, 0),
(276, 77, 300, 0),
(277, 77, 306, 0),
(278, 77, 308, 0),
(279, 77, 319, 0),
(280, 77, 320, 0),
(281, 77, 321, 0),
(282, 77, 322, 0),
(283, 77, 323, 0),
(284, 77, 324, 0),
(285, 77, 325, 0),
(286, 77, 326, 0),
(287, 77, 328, 0),
(288, 77, 329, 0),
(289, 77, 330, 0),
(290, 77, 331, 0),
(291, 77, 332, 0),
(292, 77, 333, 0),
(293, 77, 334, 0),
(294, 77, 335, 0),
(295, 77, 336, 0),
(296, 77, 337, 0),
(297, 77, 338, 0),
(298, 77, 339, 0),
(299, 77, 340, 0),
(300, 77, 349, 0),
(301, 77, 350, 0),
(302, 77, 351, 0),
(303, 77, 352, 0),
(304, 78, 354, 0),
(305, 79, 355, 0),
(306, 79, 356, 0),
(307, 80, 357, 0),
(308, 80, 358, 0),
(309, 80, 359, 0),
(310, 80, 360, 0),
(311, 80, 366, 0),
(312, 80, 370, 0),
(313, 80, 371, 0),
(314, 81, 194, 0),
(315, 81, 195, 0),
(316, 81, 196, 0),
(317, 82, 0, 0);

-- --------------------------------------------------------

--
-- Table structure for table `ala_pre_meeting`
--

CREATE TABLE `ala_pre_meeting` (
  `id` int(11) NOT NULL,
  `user_id` int(11) NOT NULL DEFAULT '0',
  `general_happiness_level` int(11) NOT NULL DEFAULT '0',
  `acknowledgment` text NOT NULL,
  `obstacles` text NOT NULL,
  `upcoming_session` text,
  `valued_outcome` text,
  `additional_comment` text,
  `weekno` varchar(100) DEFAULT NULL,
  `status` tinyint(1) NOT NULL DEFAULT '1',
  `created_at` datetime NOT NULL,
  `updated_at` datetime NOT NULL
) ENGINE=InnoDB DEFAULT CHARSET=latin1;

--
-- Dumping data for table `ala_pre_meeting`
--

INSERT INTO `ala_pre_meeting` (`id`, `user_id`, `general_happiness_level`, `acknowledgment`, `obstacles`, `upcoming_session`, `valued_outcome`, `additional_comment`, `weekno`, `status`, `created_at`, `updated_at`) VALUES
(27, 4, 5, 'tough week', 'everything', NULL, NULL, NULL, '1', 1, '2019-11-08 19:32:50', '2019-11-08 19:32:50'),
(30, 5, 4, 'www', 'www', NULL, NULL, NULL, '1', 1, '2019-11-11 16:13:11', '2019-11-11 16:13:11'),
(31, 7, 4, 'ghj', 'ghj', NULL, NULL, NULL, '1', 1, '2019-11-11 18:10:05', '2019-11-11 18:10:05'),
(32, 8, 4, 'sdd', 'sd', NULL, NULL, NULL, '1', 1, '2019-11-11 18:15:34', '2019-11-11 18:15:34'),
(35, 9, 1, 'I ackknowledge things', 'No obstacles', NULL, NULL, NULL, '1', 1, '2019-11-11 22:13:46', '2019-11-11 22:13:46'),
(36, 9, 0, 'acknowledgement', 'Dum', NULL, NULL, NULL, '2', 1, '2019-11-11 22:28:25', '2019-11-11 22:28:25'),
(40, 9, 1, 'Adkjdsklfjlkfs', 'dash', NULL, NULL, NULL, '3', 1, '2019-11-12 11:31:59', '2019-11-12 11:31:59'),
(46, 2, 4, 'first pre', 'first pre', NULL, NULL, NULL, '1', 1, '2019-11-13 16:21:50', '2019-11-13 16:21:50'),
(48, 2, 3, 'second pre', 'second pre', NULL, NULL, NULL, '2', 1, '2019-11-13 16:28:51', '2019-11-13 16:28:51'),
(49, 21, 0, 'dee', 'rere', 're', 'rer', 'er', '2', 1, '2019-11-18 16:42:36', '2019-11-18 16:42:36'),
(53, 22, 3, 'dasfd', '', '', '', '', '2', 1, '2019-11-19 18:23:04', '2019-11-19 18:23:04'),
(56, 9, 4, 'What a week my friend', '', '', '', '', '4', 1, '2019-11-20 21:18:53', '2019-11-20 21:18:53'),
(57, 25, 3, 'sdfsd', 'sdfs', 'dfs', 'dfs', 'sdfsd', '2', 1, '2019-11-21 09:49:29', '2019-11-21 09:49:29'),
(58, 25, 0, 'dsds', 'dsdsdsdsd', 'sdsdsds', 'seeds', 'sdsdsdsds', '3', 1, '2019-11-21 11:11:25', '2019-11-21 11:11:25'),
(59, 25, 4, 'fsdf', 'sdfsdf', 'sdf', 'sdf', 'sdf', '4', 1, '2019-11-21 11:42:49', '2019-11-21 11:42:49'),
(61, 2, 2, 'this is test', '', '', '', '', '3', 1, '2019-12-03 10:53:25', '2019-12-03 10:53:25'),
(63, 25, 0, 'fdg', 'fgdf', 'dfgdf', 'gdf', 'gdf', '5', 1, '2019-12-05 18:02:15', '2019-12-05 18:02:15');

-- --------------------------------------------------------

--
-- Table structure for table `ala_tags`
--

CREATE TABLE `ala_tags` (
  `id` int(11) NOT NULL,
  `weektag` varchar(50) DEFAULT NULL
) ENGINE=MyISAM DEFAULT CHARSET=latin1;

--
-- Dumping data for table `ala_tags`
--

INSERT INTO `ala_tags` (`id`, `weektag`) VALUES
(1, 'Week One'),
(2, 'Week Two'),
(3, 'Week Three'),
(4, 'Week Four'),
(5, 'Week Five'),
(6, 'Week Six'),
(7, 'Week Seven'),
(8, 'Week Eight'),
(9, 'Week Nine'),
(10, 'Week Ten'),
(11, 'Week Eleven'),
(12, 'Week Twelve');

-- --------------------------------------------------------

--
-- Table structure for table `ala_user`
--

CREATE TABLE `ala_user` (
  `id` int(11) NOT NULL,
  `admin_id` int(11) NOT NULL DEFAULT '0',
  `first_name` varchar(255) NOT NULL,
  `last_name` varchar(255) NOT NULL,
  `email` varchar(255) NOT NULL,
  `phone` varchar(255) NOT NULL,
  `password` varchar(255) NOT NULL,
  `photo` varchar(255) NOT NULL DEFAULT 'none.jpg',
  `status` tinyint(1) NOT NULL DEFAULT '1',
  `random` varchar(20) DEFAULT NULL,
  `archived` tinyint(1) NOT NULL DEFAULT '0',
  `editpermission` tinyint(4) NOT NULL DEFAULT '1',
  `created_at` datetime NOT NULL,
  `updated_at` datetime NOT NULL
) ENGINE=InnoDB DEFAULT CHARSET=latin1;

--
-- Dumping data for table `ala_user`
--

INSERT INTO `ala_user` (`id`, `admin_id`, `first_name`, `last_name`, `email`, `phone`, `password`, `photo`, `status`, `random`, `archived`, `editpermission`, `created_at`, `updated_at`) VALUES
(1, 0, 'Raman2', 'Raman2', 'raman977@gmail.com', '9923179374', 'e10adc3949ba59abbe56e057f20f883e', 'none.jpg', 0, NULL, 0, 1, '2019-05-21 06:23:25', '2019-10-30 12:06:23'),
(2, 1, 'Raman', 'Deep', 'freelancer.dev31@gmail.com', '09914993071', 'e10adc3949ba59abbe56e057f20f883e', '1572341757_thumb.png', 0, '900323', 0, 0, '2019-07-02 23:31:51', '2019-10-29 15:14:58'),
(4, 1, 'Ryan', 'Meyer', 'meyeryan@gmail.com', '9206626305', '482c811da5d5b4bc6d497ffa98491e38', 'none.jpg', 0, NULL, 0, 0, '2019-11-07 04:47:33', '2019-11-21 10:51:51'),
(9, 1, 'Jane', 'Smith', 'meyeryan@outlook.com', '9203456897', 'bf4ed305b3c5203fadfad83e04b074f3', '1573488920_thumb.jpeg', 0, '', 0, 0, '2019-11-11 21:45:25', '2019-11-11 21:45:25'),
(10, 1, 'John', 'Doe', 'jdoe@email.com', '5555551212', '7c6a180b36896a0a8c02787eeafb0e4c', 'none.jpg', 0, NULL, 0, 0, '2019-11-12 21:45:10', '2019-11-12 21:45:10'),
(22, 1, 'Ryan', 'Meyer', 'ramseylover@gmail.com', '', 'bf4ed305b3c5203fadfad83e04b074f3', 'none.jpg', 0, NULL, 0, 0, '2019-11-19 00:54:50', '2019-11-19 00:54:50'),
(25, 1, 'inder', 'paul', 'inderpaul777@gmail.com', '09914993072', 'fcea920f7412b5da7be0cf42b8c93759', '1574139430_thumb.jpg', 0, '566239', 0, 0, '2019-11-19 10:27:14', '2019-11-25 12:43:20'),
(28, 1, 'new', 'user42', 'newuser@email.com', '', '7c6a180b36896a0a8c02787eeafb0e4c', 'none.jpg', 0, NULL, 0, 0, '2019-11-26 00:42:49', '2019-11-26 00:42:49');

-- --------------------------------------------------------

--
-- Table structure for table `ala_user_values`
--

CREATE TABLE `ala_user_values` (
  `id` int(11) NOT NULL,
  `user_id` int(11) DEFAULT NULL,
  `title` text
) ENGINE=MyISAM DEFAULT CHARSET=latin1;

-- --------------------------------------------------------

--
-- Table structure for table `ala_value_identifiers`
--

CREATE TABLE `ala_value_identifiers` (
  `id` int(11) NOT NULL,
  `user_id` int(11) NOT NULL DEFAULT '0',
  `default_value_id` int(11) DEFAULT NULL,
  `title` varchar(255) NOT NULL,
  `current_happiness_level` int(11) NOT NULL DEFAULT '0',
  `expected_happiness_level` int(11) NOT NULL DEFAULT '0',
  `description_0` text,
  `description_1` text,
  `description_2` text,
  `description_3` text,
  `created_at` datetime NOT NULL,
  `updated_at` datetime NOT NULL
) ENGINE=InnoDB DEFAULT CHARSET=latin1;

--
-- Dumping data for table `ala_value_identifiers`
--

INSERT INTO `ala_value_identifiers` (`id`, `user_id`, `default_value_id`, `title`, `current_happiness_level`, `expected_happiness_level`, `description_0`, `description_1`, `description_2`, `description_3`, `created_at`, `updated_at`) VALUES
(1, 2, 1, 'Medicoor', 5, 5, 'value1', 'value1', 'value1', 'value1', '2019-11-04 10:29:42', '2019-11-04 10:29:42'),
(2, 2, 6, 'value2', 3, 4, 'value2', 'value2', 'value2', 'value2', '2019-11-04 10:30:09', '2019-11-04 10:30:09'),
(3, 2, 24, 'value4', 5, 6, 'value4', 'value4', 'value4', 'value4', '2019-11-04 10:31:18', '2019-11-04 10:31:18'),
(4, 2, 12, 'value3', 8, 8, 'value3', 'value3', 'value3', 'value3', '2019-11-04 10:31:44', '2019-11-04 10:31:44'),
(5, 2, 9, 'rrr', 2, 3, 'r1', 'r2', 'r3', 'r4', '2019-11-04 13:21:55', '2019-11-04 13:21:55'),
(6, 2, 22, 'eee', 7, 7, 'e1', 'e2', 'e3', 'e4', '2019-11-04 13:22:29', '2019-11-04 13:22:29'),
(7, 9, 1, 'Relationship', 4, 6, 'Everything', 'Don Juan', 'more like mister magoo', 'Tinder', '2019-11-11 22:03:44', '2019-11-11 22:03:44'),
(8, 9, 4, 'in -Laws', 5, 4, 'Peace in the home', 'Master', 'Last', 'Make a pie', '2019-11-11 22:06:13', '2019-11-11 22:06:13'),
(9, 2, 2, 'Education/Learning', 3, 4, 'dsiiiii', 'as', 'asdsad', 'asd', '2019-11-12 17:52:54', '2019-11-12 17:53:34'),
(10, 2, 23, 'value user2', 5, 5, 'hjh', 'hjh', 'jhj', 'hj', '2019-11-12 17:54:04', '2019-11-12 17:54:04'),
(11, 10, 27, 'write a book', 5, 3, 'erthang', 'the best', 'ok', 'write 8 books', '2019-11-12 21:50:51', '2019-11-12 21:50:51'),
(12, 11, 1, 'Relationship', 3, 4, 'test', 'test', 'test', 'test', '2019-11-14 10:26:55', '2019-11-14 10:26:55'),
(13, 2, 26, 'sds', 0, 0, 'etrte', 'r', 'etrte', 'rter', '2019-11-15 18:00:10', '2019-11-15 18:00:10'),
(14, 21, 12, 'Culture and Values', 3, 4, 'nn', 'nn', 'nn', 'nn', '2019-11-18 12:44:06', '2019-11-18 12:44:06'),
(15, 21, 5, 'Children and Step Children', 2, 2, 'dsd', 'sd', 'sds', 'd', '2019-11-18 15:01:42', '2019-11-18 15:01:42'),
(16, 21, 4, 'InLaws', 4, 5, 'sdf', 'sdfs', 'dfsd', 'fsd', '2019-11-18 15:03:48', '2019-11-18 15:03:48'),
(17, 21, 3, 'Career/Self Employment', 3, 4, 'fsdf', 'sdfsd', 'sdf', 'sdf', '2019-11-18 15:04:20', '2019-11-18 15:04:20'),
(18, 22, 1, 'Relationship', 0, 0, 'alot', 'the best', 'okish', 'get into a poly relationship', '2019-11-19 00:59:42', '2019-11-19 00:59:42'),
(19, 22, 4, 'InLaws', 3, 4, 'most', 'pimp', 'slacking', 'make the in laws my bitches', '2019-11-19 01:05:07', '2019-11-19 01:05:07'),
(20, 25, 1, 'Relationship', 3, 3, 'bnmn', 'bnm', 'bnmbn', 'mb', '2019-11-19 10:55:48', '2019-11-19 10:55:48'),
(21, 25, 2, 'Education/Learning', 4, 4, 'asdsa', 'dasd', 'asdas', 'das', '2019-11-19 12:43:00', '2019-11-19 13:12:23'),
(22, 25, 4, 'InLaws', 3, 4, 'sdfsd', 'fsdfsdf', 'fsdf', 'sdf', '2019-11-19 12:46:18', '2019-11-19 13:26:18'),
(23, 25, 3, 'Career/Self Employment', 4, 4, 'ffffffffffffffffffffffffffffffffffffff', 'fffffffffffffffff', 'ffffffffffffffffff', 'fffffffffffffff', '2019-11-19 12:47:26', '2019-11-19 13:24:41'),
(24, 25, 5, 'Children and Step Children', 4, 3, 'dfdsd', 'sfdfdss', 'dsfds', 'sdfs', '2019-11-19 12:56:38', '2019-11-19 13:24:35'),
(25, 25, 6, 'Hobbies', 3, 4, 'sdfsd', 'fsdsdf', 'fsd', 'fsd', '2019-11-19 12:58:33', '2019-11-19 13:14:50'),
(26, 25, 7, 'Community/Religous', 4, 5, 'dasd', 'sds', 'dsd', 'sd', '2019-11-19 13:00:31', '2019-11-21 09:49:41'),
(27, 25, 8, 'Physical Wellbeing', 5, 5, 'kljklj', 'kljk', 'jkl', 'jkl', '2019-11-19 13:06:08', '2019-11-19 13:06:08'),
(28, 25, 9, 'Travel', 0, 0, 'ddddddddddddddddddddddddddd', 'ddddddddddddddddddddd', 'dddddddddddddddddddddddddddddddddddddddd', 'dddddddddddddddddddddddd', '2019-11-19 13:12:37', '2019-11-21 09:43:22'),
(29, 25, 38, 'dfdf', 4, 5, 'dfdfd', 'fdfd', 'fdf', 'df', '2019-11-21 09:43:46', '2019-11-21 09:43:46'),
(30, 25, 12, 'Culture and Values', 3, 4, 'asdas', 'das', 'dasd', 'as', '2019-11-21 09:48:21', '2019-11-21 09:48:21'),
(31, 25, 39, 'suds', 6, 6, 'suds', 'dsds', 'suds', 'suds', '2019-11-21 11:09:16', '2019-11-21 11:09:16'),
(32, 25, 10, 'Volunteer Activities', 5, 5, 'dsd', 'sdsds', 'dsdsdsds', 'dsdsdsd', '2019-11-21 11:09:35', '2019-11-21 11:09:35'),
(33, 25, 11, 'Praying/Meditating', 3, 3, 'sad', 'sdfsd', 'fsd', 'sdfs', '2019-11-25 13:12:10', '2019-11-25 13:12:10'),
(34, 28, 6, 'Hobbies', 2, 1, 'love hobbies', 'hobbie master', 'goodish', 'do hobbies and start more hobbies', '2019-11-26 00:46:35', '2019-11-26 00:46:35');

-- --------------------------------------------------------

--
-- Table structure for table `ala_value_identifier_details`
--

CREATE TABLE `ala_value_identifier_details` (
  `id` int(11) NOT NULL,
  `user_id` int(11) NOT NULL DEFAULT '0',
  `value_identifier_id` int(11) NOT NULL DEFAULT '0',
  `description` text NOT NULL,
  `identifier` varchar(255) NOT NULL DEFAULT 'description_0',
  `created_at` datetime NOT NULL,
  `updated_at` datetime NOT NULL
) ENGINE=InnoDB DEFAULT CHARSET=latin1;

-- --------------------------------------------------------

--
-- Table structure for table `ci_sessions`
--

CREATE TABLE `ci_sessions` (
  `id` varchar(40) NOT NULL DEFAULT '0',
  `ip_address` varchar(45) NOT NULL DEFAULT '0',
  `user_agent` varchar(120) NOT NULL,
  `timestamp` int(10) UNSIGNED NOT NULL DEFAULT '0',
  `data` text NOT NULL
) ENGINE=InnoDB DEFAULT CHARSET=latin1;

--
-- Dumping data for table `ci_sessions`
--

INSERT INTO `ci_sessions` (`id`, `ip_address`, `user_agent`, `timestamp`, `data`) VALUES
('1bb1670402585da6e5ebf1364f6e28ab52bbfefe', '110.225.220.3', '', 1575625903, '__ci_last_regenerate|i:1575624157;user_id|s:2:\"25\";fname|s:5:\"inder\";lname|s:4:\"paul\";email|s:22:\"inderpaul777@gmail.com\";phone|s:11:\"09914993072\";editpermission|s:1:\"0\";adminLogin|i:0;admin_id|s:1:\"1\";admin_fname|s:5:\"Admin\";admin_lname|s:5:\"Admin\";admin_email|s:13:\"admin@ala.com\";admin_phone|s:10:\"9885888888\";'),
('6f33211c03ff89bd313a6543b393ba47c5ced598', '110.225.220.3', '', 1575627529, '__ci_last_regenerate|i:1575625904;user_id|s:2:\"25\";fname|s:5:\"inder\";lname|s:4:\"paul\";email|s:22:\"inderpaul777@gmail.com\";phone|s:11:\"09914993072\";editpermission|s:1:\"0\";adminLogin|i:0;admin_id|s:1:\"1\";admin_fname|s:5:\"Admin\";admin_lname|s:5:\"Admin\";admin_email|s:13:\"admin@ala.com\";admin_phone|s:10:\"9885888888\";');

--
-- Indexes for dumped tables
--

--
-- Indexes for table `ala_actions`
--
ALTER TABLE `ala_actions`
  ADD PRIMARY KEY (`id`);

--
-- Indexes for table `ala_action_goal_mapping`
--
ALTER TABLE `ala_action_goal_mapping`
  ADD PRIMARY KEY (`id`);

--
-- Indexes for table `ala_action_question`
--
ALTER TABLE `ala_action_question`
  ADD PRIMARY KEY (`id`);

--
-- Indexes for table `ala_action_reminders`
--
ALTER TABLE `ala_action_reminders`
  ADD PRIMARY KEY (`id`);

--
-- Indexes for table `ala_action_types`
--
ALTER TABLE `ala_action_types`
  ADD PRIMARY KEY (`id`);

--
-- Indexes for table `ala_action_user_notes`
--
ALTER TABLE `ala_action_user_notes`
  ADD PRIMARY KEY (`id`);

--
-- Indexes for table `ala_admin`
--
ALTER TABLE `ala_admin`
  ADD PRIMARY KEY (`id`);

--
-- Indexes for table `ala_default_values`
--
ALTER TABLE `ala_default_values`
  ADD PRIMARY KEY (`id`);

--
-- Indexes for table `ala_goals`
--
ALTER TABLE `ala_goals`
  ADD PRIMARY KEY (`id`);

--
-- Indexes for table `ala_post_meeting`
--
ALTER TABLE `ala_post_meeting`
  ADD PRIMARY KEY (`id`);

--
-- Indexes for table `ala_post_meeting_action_mapping`
--
ALTER TABLE `ala_post_meeting_action_mapping`
  ADD PRIMARY KEY (`id`);

--
-- Indexes for table `ala_pre_meeting`
--
ALTER TABLE `ala_pre_meeting`
  ADD PRIMARY KEY (`id`);

--
-- Indexes for table `ala_tags`
--
ALTER TABLE `ala_tags`
  ADD PRIMARY KEY (`id`);

--
-- Indexes for table `ala_user`
--
ALTER TABLE `ala_user`
  ADD PRIMARY KEY (`id`);

--
-- Indexes for table `ala_user_values`
--
ALTER TABLE `ala_user_values`
  ADD PRIMARY KEY (`id`);

--
-- Indexes for table `ala_value_identifiers`
--
ALTER TABLE `ala_value_identifiers`
  ADD PRIMARY KEY (`id`);

--
-- Indexes for table `ala_value_identifier_details`
--
ALTER TABLE `ala_value_identifier_details`
  ADD PRIMARY KEY (`id`);

--
-- Indexes for table `ci_sessions`
--
ALTER TABLE `ci_sessions`
  ADD PRIMARY KEY (`id`),
  ADD KEY `last_activity_idx` (`timestamp`);

--
-- AUTO_INCREMENT for dumped tables
--

--
-- AUTO_INCREMENT for table `ala_actions`
--
ALTER TABLE `ala_actions`
  MODIFY `id` int(11) NOT NULL AUTO_INCREMENT, AUTO_INCREMENT=404;

--
-- AUTO_INCREMENT for table `ala_action_goal_mapping`
--
ALTER TABLE `ala_action_goal_mapping`
  MODIFY `id` int(11) NOT NULL AUTO_INCREMENT, AUTO_INCREMENT=661;

--
-- AUTO_INCREMENT for table `ala_action_question`
--
ALTER TABLE `ala_action_question`
  MODIFY `id` int(11) NOT NULL AUTO_INCREMENT, AUTO_INCREMENT=807;

--
-- AUTO_INCREMENT for table `ala_action_reminders`
--
ALTER TABLE `ala_action_reminders`
  MODIFY `id` int(11) NOT NULL AUTO_INCREMENT, AUTO_INCREMENT=1548;

--
-- AUTO_INCREMENT for table `ala_action_types`
--
ALTER TABLE `ala_action_types`
  MODIFY `id` int(11) NOT NULL AUTO_INCREMENT, AUTO_INCREMENT=4;

--
-- AUTO_INCREMENT for table `ala_action_user_notes`
--
ALTER TABLE `ala_action_user_notes`
  MODIFY `id` int(11) NOT NULL AUTO_INCREMENT, AUTO_INCREMENT=25;

--
-- AUTO_INCREMENT for table `ala_admin`
--
ALTER TABLE `ala_admin`
  MODIFY `id` int(11) NOT NULL AUTO_INCREMENT, AUTO_INCREMENT=2;

--
-- AUTO_INCREMENT for table `ala_default_values`
--
ALTER TABLE `ala_default_values`
  MODIFY `id` int(11) NOT NULL AUTO_INCREMENT, AUTO_INCREMENT=40;

--
-- AUTO_INCREMENT for table `ala_goals`
--
ALTER TABLE `ala_goals`
  MODIFY `id` int(11) NOT NULL AUTO_INCREMENT, AUTO_INCREMENT=101;

--
-- AUTO_INCREMENT for table `ala_post_meeting`
--
ALTER TABLE `ala_post_meeting`
  MODIFY `id` int(11) NOT NULL AUTO_INCREMENT, AUTO_INCREMENT=83;

--
-- AUTO_INCREMENT for table `ala_post_meeting_action_mapping`
--
ALTER TABLE `ala_post_meeting_action_mapping`
  MODIFY `id` int(11) NOT NULL AUTO_INCREMENT, AUTO_INCREMENT=318;

--
-- AUTO_INCREMENT for table `ala_pre_meeting`
--
ALTER TABLE `ala_pre_meeting`
  MODIFY `id` int(11) NOT NULL AUTO_INCREMENT, AUTO_INCREMENT=64;

--
-- AUTO_INCREMENT for table `ala_tags`
--
ALTER TABLE `ala_tags`
  MODIFY `id` int(11) NOT NULL AUTO_INCREMENT, AUTO_INCREMENT=13;

--
-- AUTO_INCREMENT for table `ala_user`
--
ALTER TABLE `ala_user`
  MODIFY `id` int(11) NOT NULL AUTO_INCREMENT, AUTO_INCREMENT=29;

--
-- AUTO_INCREMENT for table `ala_user_values`
--
ALTER TABLE `ala_user_values`
  MODIFY `id` int(11) NOT NULL AUTO_INCREMENT;

--
-- AUTO_INCREMENT for table `ala_value_identifiers`
--
ALTER TABLE `ala_value_identifiers`
  MODIFY `id` int(11) NOT NULL AUTO_INCREMENT, AUTO_INCREMENT=35;

--
-- AUTO_INCREMENT for table `ala_value_identifier_details`
--
ALTER TABLE `ala_value_identifier_details`
  MODIFY `id` int(11) NOT NULL AUTO_INCREMENT;
COMMIT;

/*!40101 SET CHARACTER_SET_CLIENT=@OLD_CHARACTER_SET_CLIENT */;
/*!40101 SET CHARACTER_SET_RESULTS=@OLD_CHARACTER_SET_RESULTS */;
/*!40101 SET COLLATION_CONNECTION=@OLD_COLLATION_CONNECTION */;
